Brand,Product,Price,Rating
CULT,Move All Day Fly Dry T-shirt,Rs. 659,"4.4
|
1.1k"
Jack & Jones,Slim Fit Pure Cotton T-shirt,Rs. 714,"4.1
|
163"
Levis,Solid Lounge T-shirt,Rs. 473,"4.4
|
18.1k"
BROWN BROTHERS,Unisex Cotton Casual T-shirt,Rs. 471,"4.3
|
409"
Maniac,Men Solid Slim Fit T-shirt,Rs. 999,"4.2
|
511"
Maniac,Men Mandarin Collar T-shirt,Rs. 499,
Rigo,Unisex Printed Cotton T-shirt,Rs. 428,"4.1
|
148"
CULT,Men Printed Round Neck T-shirt,Rs. 709,"4.4
|
19"
H&M,Cotton Pure Cotton T-shirt Regular Fit,Rs. 399,"4.2
|
49.9k"
Flying Machine,Pure Cotton Relaxed T-shirt,Rs. 727,"4.3
|
81"
Louis Philippe Jeans,Pure Cotton Slim Polo T-shirt,Rs. 1004,"4.6
|
19"
H&M,Pure Cotton Round-Neck T-shirt,Rs. 319,"4.2
|
50k"
DAMENSCH,Ultra Light Tie & Dye T-shirt,Rs. 551,"4.6
|
119"
BROWN BROTHERS,Unisex Cotton Pockets T-shirt,Rs. 471,"4.3
|
407"
BLIVE,Men BLENDED Tshirts,Rs. 574,
XYXX,Polo Collar Cotton T-shirt,Rs. 599,"4
|
4.4k"
Converse,Unisex Cons T-shirt,Rs. 999,
ADIDAS,Cotton T-shirt,Rs. 539,"4.3
|
2.9k"
NOBERO,Men Printed T-shirt,Rs. 499,"4.2
|
206"
H&M,Men Cotton Pure Cotton T-shirt Regular Fit,Rs. 399,"4.2
|
49.9k"
Crazymonk,Unisex Oversized T-shirt,Rs. 497,"4.5
|
207"
CULT,Moisture Wicking T-shirt,Rs. 739,"4.4
|
60"
Crazymonk,Pure Cotton Oversized T-Shirt,Rs. 499,"4.4
|
123"
Campus Sutra,Men Solid Cotton Polo T-shirt,Rs. 713,"4.3
|
11.4k"
NOBERO,Men Typography Printed T-shirt,Rs. 499,"4.1
|
668"
Roadster,Striped Polo Collar T-shirt,Rs. 768,"4.2
|
2.3k"
Campus Sutra,Men Self Design Cotton T-shirt,Rs. 713,"4.3
|
11.4k"
U.S. Polo Assn.,Pure Cotton Lounge T-shirts,Rs. 531,"4.3
|
3.8k"
HRX by Hrithik Roshan,Men's Solid Collar T-shirt,Rs. 374,
Lux Cozi,Polo Collar Lounge Tshirts,Rs. 419,"4.2
|
10.3k"
Pepe Jeans,Crew Neck Lounge Tshirt,Rs. 479,"4.5
|
1.2k"
Bewakoof,Printed Oversize Cotton T-shirt,Rs. 649,"4.4
|
3.5k"
WROGN,Men Polo Collar Slim Fit T-shirt,Rs. 899,"4.1
|
626"
PRONK,Men Printed Oversized T-shirt,Rs. 556,"4.4
|
3.4k"
PRONK,Printed Round Neck T-shirt,Rs. 616,"4.2
|
17"
Rigo,Unisex Pure Cotton T-shirt,Rs. 428,"4.1
|
151"
CULT,Shoulder Pop Active T-shirt,Rs. 371,"4.5
|
790"
U.S. Polo Assn.,V-Neck Cotton Lounge T-shirts,Rs. 580,"4.3
|
3.8k"
COMBRAIDED,Men Brand Logo Polo Collar T-shirt,Rs. 699,
CULT,Men Solid T-shirt,Rs. 729,"4.5
|
651"
Kook N Keech,Printed Oversized T-shirt,Rs. 299,"4.3
|
111"
XYXX,Men Cotton Lounge Tshirts,Rs. 699,"4.8
|
343"
U.S. Polo Assn.,Pure Cotton Slim Polo T-shirt,Rs. 1154,"4.4
|
2k"
FCUK,Oversized Fit Printed T-shirt,Rs. 539,"4.3
|
1.4k"
U.S. Polo Assn.,Logo Lounge T-shirts,Rs. 594,"4.2
|
13k"
Powerlook,Men Polo Collar T-shirt,Rs. 299,"4.3
|
76"
Roadster,Pure Cotton Round Neck T-shirt,Rs. 449,"4
|
1.9k"
U.S. Polo Assn.,Pure Cotton Slim Fit T-shirt,Rs. 1053,"4.3
|
86"
Roadster,Men Striped Polo Collar T-shirt,Rs. 768,"4.2
|
2.3k"
Technosport,Antimicrobial Gym T-shirt,Rs. 324,"4.3
|
6.3k"
Lux Cozi,Men Solid Cotton T-shirt,Rs. 351,"4.1
|
167"
DAMENSCH,Pure Cotton Lounge T-Shirts,Rs. 545,"4.4
|
3k"
HRX by Hrithik Roshan,Rapid-Dry Training T-shirt,Rs. 368,"4.5
|
402"
glitchez,Typography Printed T-shirt,Rs. 384,"4.1
|
108"
HRX by Hrithik Roshan,Polo Collar Sports T-shirt,Rs. 455,"4.1
|
879"
Roadster,Solid Polo Collar Pure Cotton T-shirt,Rs. 584,"4.1
|
1.1k"
Roadster,Men Polo Collar T-shirt,Rs. 399,"4.2
|
3.5k"
HRX by Hrithik Roshan,Antimicrobial Training T-shirt,Rs. 368,"4.3
|
482"
Roadster,Polo Collar T-shirt,Rs. 296,"4.1
|
18.9k"
Jockey,Solid V-Neck T-shirt,Rs. 579,"4.5
|
927"
HRX by Hrithik Roshan,Badminton Rapid-Dry T-shirt,Rs. 244,"4.2
|
899"
Mr Bowerbird,Men Pockets T-shirt,Rs. 799,"4.3
|
491"
Powerlook,Men Self Design T-shirt,Rs. 659,"4.2
|
66"
Decathlon,Men Round Neck Running T-Shirt,Rs. 419,"4.2
|
3k"
HRX by Hrithik Roshan,Printed Cotton Cotton T-shirt,Rs. 419,"4.2
|
91.7k"
Roadster,Men Cotton T-shirt,Rs. 499,"4
|
1.2k"
glitchez,Printed Relaxed Fit T-shirt,Rs. 287,"4.1
|
112"
WROGN,Slim Fit Printed Cotton T-shirt,Rs. 499,"4
|
769"
Roadster,Men Pure Cotton Solid T-shirt,Rs. 429,"3.8
|
712"
Aeropostale,Pure Cotton T-shirt,Rs. 791,"4.4
|
26"
glitchez,Self-Striped Polo T-shirt,Rs. 629,"3.8
|
168"
Kryptic,Printed Polo Cotton T-shirt,Rs. 449,"4.2
|
8.9k"
Maniac,Men Henley Neck Pockets T-shirt,Rs. 599,"4.1
|
2.5k"
Roadster,Men Solid Waffle T-shirt,Rs. 439,"4.1
|
736"
Flying Machine,Printed Pure Cotton T-shirt,Rs. 623,"4.3
|
24"
Bewakoof,Unisex Mickey Mouse T-shirt,Rs. 699,"4.1
|
197"
glitchez,Printed Oversized T-shirt,Rs. 359,"4
|
273"
Peter England,Polo Collar T-shirt,Rs. 766,"4.4
|
1.4k"
NOBERO,Oversized Pure Cotton T-shirt,Rs. 499,"4.5
|
565"
Being Human,Round Neck Pure Cotton T-shirt,Rs. 314,"4.4
|
94"
Powerlook,Men Self Design Cotton T-shirt,Rs. 759,"4.3
|
149"
HAPPY KHAJANA,Men Polo Collar T-shirt,Rs. 349,"4.3
|
52"
Powerlook,Men Checked Cotton T-shirt,Rs. 901,"4.1
|
227"
HRX by Hrithik Roshan,Typography Printed T-shirt,Rs. 467,"4.2
|
116"
glitchez,Chest Pocket Oversized T-shirt,Rs. 303,"4.2
|
110"
FCUK,Pure Cotton T-shirt,Rs. 662,"4.4
|
173"
Roadster,Polo Collar Cotton T-shirt,Rs. 399,"4
|
498"
glitchez,Cotton Oversized T-shirt,Rs. 319,"4.4
|
174"
glitchez,Typography Relaxed T-shirt,Rs. 319,"3.5
|
24"
Jack & Jones,Polo Collar Slim Fit T-shirt,Rs. 779,"4.3
|
5k"
ADIDAS,3-Stripes Pure Cotton T-shirt,Rs. 695,"4.6
|
165"
Roadster,Self Striped Polo T-shirt,Rs. 349,"4.1
|
689"
FCUK,Pure Cotton Printed Oversized T-shirt,Rs. 449,"4.5
|
240"
Being Human,Printed Pure Cotton T-shirt,Rs. 386,"4.5
|
327"
SPYKAR,Oversized Typography T-shirt,Rs. 759,"4.8
|
13"
Levis,Pure Cotton Slim Fit T-shirt,Rs. 948,"4.5
|
60"
Roadster,Grindle Effect Polo T-shirt,Rs. 399,"4.3
|
1.1k"
Arrow Sport,Printed Polo Collar T-shirt,Rs. 927,"4.5
|
47"
Roadster,Pure Cotton Striped T-shirt,Rs. 494,"4.2
|
718"
Pepe Jeans,Pure Cotton Slim Fit T-shirt,Rs. 549,"3.9
|
165"
Roadster,Striped Polo Collar Pure Cotton T-shirt,Rs. 753,"4.2
|
1.7k"
Roadster,Hooded Waffle Knit T-shirt,Rs. 584,"4.1
|
744"
encore by INVICTUS,Men Polo Collar T-shirt,Rs. 454,"4.1
|
3.3k"
Being Human,Typography Printed T-shirt,Rs. 386,"4.3
|
270"
Mast & Harbour,Solid Polo Collar T-shirt,Rs. 399,"4.2
|
2k"
Roadster,Pure Cotton Oversized T-shirt,Rs. 299,"3.8
|
533"
Jack & Jones,Pure Cotton Oversized T-shirt,Rs. 779,"4.2
|
5k"
Roadster,Striped Relaxed Fit T-shirt,Rs. 404,"4.3
|
848"
Fame Forever by Lifestyle,Solid Round Neck T-shirt,Rs. 319,"4.1
|
160"
Roadster,Self Design Cotton T-shirt,Rs. 449,"4.3
|
8"
U.S. Polo Assn.,Men Athleisure Lounge T-shirt,Rs. 683,"4.3
|
510"
The Indian Garage Co,Men Polo Collar T-shirt,Rs. 557,"4.3
|
19.1k"
Van Heusen Sport,Polo Collar T-shirt,Rs. 779,"4.4
|
1.6k"
Pepe Jeans,Slim Pure Cotton T-Shirt,Rs. 499,"4.1
|
172"
FCUK,Pure Cotton Polo T-shirt,Rs. 449,"4.2
|
839"
glitchez,Colourblock Oversize T-shirt,Rs. 303,"3.8
|
122"
Levis,Printed Slim Fit T-shirt,Rs. 802,"4.5
|
240"
Louis Philippe Jeans,Men Printed Cotton SF T-shirt,Rs. 766,"4.4
|
5.6k"
MOHICANS,Cotton Oversized T-shirt,Rs. 559,"4.6
|
21"
WROGN,Pure Cotton Oversized T-shirt,Rs. 499,"3.9
|
10"
PRONK,Printed Pure Cotton T-Shirt,Rs. 569,"4.5
|
670"
HRX by Hrithik Roshan,Running Rapid Dry T-shirt,Rs. 359,"4.3
|
27.3k"
WROGN,Graphic Printed Cotton T-shirt,Rs. 649,
Fame Forever by Lifestyle,Polo Collar T-shirt,Rs. 474,"4.3
|
2.6k"
Aeropostale,Pure Cotton Striped T-shirt,Rs. 747,"4.8
|
11"
MARVEL STREET,Printed Pure Cotton T-shirt,Rs. 399,"4.3
|
27"
Sztori,Plus Size Colourblocked Round Neck Pure Cotton T-shirt,Rs. 531,"4.4
|
617"
Maniac,Men Solid Cotton Polo T-shirt,Rs. 699,"4.1
|
2k"
Levis,Printed Pure Cotton T-shirt,Rs. 747,"4.5
|
80"
glitchez,Typography Relaxed Fit Tee,Rs. 319,"4.1
|
17"
FCUK,Brand Logo Print T-shirt,Rs. 349,"4.5
|
1.7k"
MARVEL STREET,Pure Cotton Oversized T-shirt,Rs. 499,"4.4
|
47"
Jockey,Modern Solid Lounge T-shirt,Rs. 579,"4.5
|
5.8k"
U.S. Polo Assn. Denim Co.,Printed Pure Cotton T-shirt,Rs. 569,"4.3
|
44"
Aeropostale,Pure Cotton Polo T-shirt,Rs. 747,"4.8
|
13"
SZN,Men Self Design T-shirt,Rs. 315,"4
|
879"
FCUK,Men Pure Cotton T-shirt,Rs. 449,"4.2
|
819"
Puma,Men Slim Fit Polo T-shirt,Rs. 679,"4.3
|
23k"
Park Avenue,Polo Collar T-shirt,Rs. 671,"4.2
|
388"
HRX by Hrithik Roshan,Rapid-Dry Running T-shirt,Rs. 341,"4.4
|
32"
Roadster,Relaxed Pure Cotton T-shirt,Rs. 349,"3.9
|
22"
TheBTclub,Unisex Oversized T-shirt,Rs. 499,"4.2
|
59"
Lux Cozi,Men Polo Collar Lounge T-Shirt,Rs. 398,"4.4
|
25"
Roadster,Men 3 Cotton Printed T-Shirt,Rs. 599,"4.3
|
718"
Nautica,Pure Cotton Printed T-shirt,Rs. 764,"4.2
|
95"
The Souled Store,Men Friends T-shirt,Rs. 647,"4.9
|
15"
DAMENSCH,Statement Waffle Tank Tops,Rs. 751,"4.5
|
1.4k"
French Connection,Pure Cotton Printed Oversized T-shirt,Rs. 439,"4.3
|
522"
Arrow Sport,Polo Collar T-shirt,Rs. 927,"4.5
|
11"
glitchez,Drop-shoulder Relaxed T-shirt,Rs. 319,"3.8
|
6"
Roadster,Striped Relaxed T-shirt,Rs. 459,"4.2
|
285"
U.S. Polo Assn.,Long Sleeves Cotton T-shirt,Rs. 749,"4.3
|
986"
Roadster,Men Polo Collar Slim Fit T-shirt,Rs. 349,"4
|
690"
Jockey,Men Solid Cotton T-shirt,Rs. 579,"4.6
|
189"
Fame Forever by Lifestyle,Round Neck Cotton T-shirt,Rs. 319,"4.3
|
37"
Roadster,Men Striped Cotton T-shirt,Rs. 601,"4.3
|
262"
BOLDFIT,Men Training or Gym T-shirt,Rs. 399,"4.3
|
256"
HRX by Hrithik Roshan,Training Rapid-Dry Tshirts,Rs. 384,"4.2
|
1.2k"
French Connection,Pure Cotton Polo T-shirt,Rs. 549,"4.3
|
61"
Bewakoof,Cotton Oversized T-shirt,Rs. 636,"4.4
|
3k"
Being Human,Men Typography Printed V-Neck Pockets T-shirt,Rs. 383,"4.4
|
216"
Reebok,Speedwick Training T-shirt,Rs. 692,"4.5
|
35"
Nautica,Oversized Pure Cotton T-Shirt,Rs. 854,"4.3
|
18"
Flying Machine,Brand Logo Printed T-shirt,Rs. 611,"4.1
|
48"
FCUK,Men Printed T-shirt,Rs. 449,"4.4
|
17"
Flying Machine,Men Printed Cotton T-shirt,Rs. 672,"4.6
|
37"
Snitch,Men Solid Cotton T-shirt,Rs. 584,"4.3
|
97"
DAMENSCH,Cotton Tank Lounge T-shirt,Rs. 695,"4.5
|
3.2k"
Blackberrys,Contrast Polo Collar T-shirt,Rs. 895,"4.4
|
264"
glitchez,Washed Effect Oversize T-Shirt,Rs. 303,"3.8
|
612"
HIGHLANDER,Men Printed T-shirt,Rs. 209,"4.1
|
119"
Powerlook,Men Printed T-shirt,Rs. 819,"3
|
35"
WROGN,Slim Fit T-shirt,Rs. 449,"4.3
|
1.2k"
Roadster,Textured Regular Fit T-shirt,Rs. 349,"4.4
|
739"
INVICTUS,Mandarin Collar T-Shirt,Rs. 479,"4.2
|
656"
U.S. Polo Assn. Denim Co.,Pure Cotton Slim Fit T-shirt,Rs. 743,"4
|
61"
Bewakoof Plus,House of the Dragon T-shirt,Rs. 489,"4.6
|
17"
U.S. Polo Assn.,Pure Cotton Lounge T-shirt,Rs. 787,"4.2
|
6.3k"
Indian Terrain,Men Typography Print T-shirt,Rs. 516,"4.4
|
24"
French Connection,Pure Cotton Henley T-shirt,Rs. 740,"4.2
|
1.2k"
HIGHLANDER,Striped Polo Collar T-Shirt,Rs. 494,"4.1
|
492"
Powerlook,Men Printed Polo T-shirt,Rs. 739,"4.2
|
93"
Nautica,Men Colourblocked Pure Cotton T-shirt,Rs. 835,"4.3
|
1.3k"
Powerlook,Men Striped Cotton T-shirt,Rs. 439,"3.8
|
69"
Nautica,Printed Pure Cotton T-shirt,Rs. 730,"4.3
|
29"
Roadster,Striped Henley Neck Cotton T-shirt,Rs. 449,"4.2
|
639"
Campus Sutra,Men Self Design T-shirt,Rs. 629,"4
|
680"
Levis,Pure Cotton T-shirt,Rs. 857,"4.2
|
173"
Crazymonk,Oversized Cotton T-Shirt,Rs. 599,"4
|
547"
HRX by Hrithik Roshan,Perforated Training T-shirt,Rs. 597,"3.8
|
751"
The Indian Garage Co,Men Printed Polo Collar T-shirt,Rs. 557,"4.3
|
19.1k"
Aeropostale,Pure Cotton Relaxed T-shirt,Rs. 349,"4.4
|
222"
Arrow Sport,Pure Cotton Polo T-shirt,Rs. 927,"4.4
|
21"
DAMENSCH,Colourblock Cotton Tank Top,Rs. 551,"4.5
|
3.2k"
Jack & Jones,Printed Cotton T-shirt,Rs. 779,"3.8
|
612"
Roadster,Textured Knit T-shirt,Rs. 489,"4.5
|
104"
Nautica,Pure Cotton Polo T-shirt,Rs. 779,"4.5
|
46"
Mast & Harbour,Cotton Relaxed Fit T-shirt,Rs. 519,"4.3
|
102"
United Colors of Benetton,Printed Relaxed T-shirt,Rs. 883,"4.5
|
56"
Roadster,Printed Round Neck T-shirt,Rs. 409,"4.2
|
558"
XYXX,Men Lounge Tshirts,Rs. 399,"4.3
|
750"
Van Heusen Innerwear,Men Solid Lounge Tshirts,Rs. 413,"4.5
|
60"
U.S. Polo Assn.,Men Slim Fit T-shirt,Rs. 675,"4.2
|
344"
NOBERO,Men Printed Cotton T-shirt,Rs. 499,"4.3
|
103"
Flying Machine,Typography Pure Cotton T-shirt,Rs. 623,"4.2
|
11"
Van Heusen Sport,Slim Fit Polo Collar T-shirt,Rs. 779,"4.4
|
1.4k"
Crocodile,Men Striped Polo Collar Pockets Slim Fit T-shirt,Rs. 699,"4.1
|
1k"
Roadster,Men Solid T-shirt,Rs. 321,"4
|
15.8k"
Slazenger,Printed Pure Cotton T-shirt,Rs. 467,"3.9
|
94"
Crocodile,Men Polo Collar Pockets Slim Fit T-shirt,Rs. 799,"4.1
|
901"
Powerlook,Men Knitted Checks T-Shirt,Rs. 899,"3.7
|
152"
glitchez,Camp Collar Oversized T-shirt,Rs. 391,"3.8
|
280"
Powerlook,Men Jacquard Knit T-Shirt,Rs. 749,"4.3
|
57"
Roadster,Men Cotton Polo T-shirt,Rs. 399,"4.3
|
393"
Flying Machine,Striped Cotton T-shirt,Rs. 756,"4.4
|
86"
Nautica,Printed Applique T-shirt,Rs. 747,"4.3
|
22"
Sztori,Plus Size Polo Collar T-shirt,Rs. 712,"4.2
|
15"
DAMENSCH,Raw Edge Crew T-shirt,Rs. 703,"4.3
|
2.7k"
DAMENSCH,Pure Cotton Lounge T-shirt,Rs. 695,"4.5
|
3.2k"
HIGHLANDER,Printed Cotton T-shirt,Rs. 474,"4.5
|
31"
KAJARU,Men Polyester Tshirts,Rs. 349,"4.2
|
88"
United Colors of Benetton,Polo Collar T-shirt,Rs. 1039,"4.4
|
11"
WROGN,Men Printed Oversized T-shirt,Rs. 1104,"4
|
6"
Sztori,Plus Size Colourblock T-shirt,Rs. 349,
Roadster,Pure Cotton Polo T-shirt,Rs. 558,"4.3
|
238"
Roadster,Colourblocked Round Neck Cotton T-shirt,Rs. 485,"4.2
|
9.7k"
FCUK,Printed Pure Cotton T-shirt,Rs. 349,"4.1
|
545"
Nautica,Pure Cotton Casual T-shirt,Rs. 623,"4.3
|
8"
glitchez,Panelled Relaxed T-shirt,Rs. 295,"3.9
|
230"
StyleCast x Revolte,Men Striped T-shirt,Rs. 795,"3.4
|
79"
Blackberrys,Polo Collar Slim Fit T-shirt,Rs. 983,"4.2
|
188"
French Connection,Graphic Printed T-shirt,Rs. 299,"4.6
|
20"
Mast & Harbour,Brand Logo Applique T-shirt,Rs. 587,"4.2
|
1.2k"
Jockey,Men Solid Round Neck T-shirt,Rs. 579,"4.3
|
124"
Jockey,Innerwear Vest,Rs. 409,"4.5
|
1.9k"
U.S. Polo Assn.,Printed Athleisure T-shirt,Rs. 591,"4.3
|
2.7k"
Roadster,Ribbed Pure Cotton T-shirt,Rs. 873,"4.2
|
1k"
Technosport,Antimicrobial Slim Fit T-shirt,Rs. 287,"4.4
|
14.9k"
Being Human,Pure Cotton T-shirt,Rs. 383,"4.5
|
201"
Roadster,Men Polo Collar Cotton T-shirt,Rs. 399,"4.2
|
485"
Mast & Harbour,Striped Polo Collar T-shirt,Rs. 599,"4.1
|
134"
U.S. Polo Assn.,Polo Collar Slim Fit T-shirt,Rs. 854,"4.4
|
95"
Roadster,Cotton Full Sleeves T-shirt,Rs. 404,"4.1
|
79"
WROGN,Pure Cotton T-shirt,Rs. 599,"3.4
|
36"
DAMENSCH,Pique All-Degree T-Shirt,Rs. 699,"4.3
|
3k"
WROGN,Oversized Pure Cotton T-shirt,Rs. 449,"4.4
|
16"
SPYKAR,Printed Oversized T-shirt,Rs. 599,"4.2
|
25"
Fame Forever by Lifestyle,Polo Collar Cotton T-Shirt,Rs. 399,"4.3
|
2.6k"
PRONK,Men Black Tshirts,Rs. 659,"4.4
|
380"
Maniac,Men Striped Cotton T-shirt,Rs. 580,"4.3
|
1.7k"
SPYKAR,Men Solid Cotton T-shirt,Rs. 839,"4.2
|
27"
Blackberrys,Floral Print Polo T-shirt,Rs. 1049,"4.2
|
96"
glitchez,Printed Relaxed T-shirt,Rs. 287,"3.9
|
68"
The Indian Garage Co,Men Solid Polo T-shirt,Rs. 521,"4.4
|
424"
Technosport,Antimicrobial Training T-shirt,Rs. 381,"4.4
|
2.9k"
Puma,Printed Pure Cotton T-shirt,Rs. 649,"4.5
|
83"
Nautica,Brand Logo Printed T-shirt,Rs. 559,"4.5
|
29"
Arrow Sport,Contrast Trims T-shirt,Rs. 884,"4.8
|
8"
glitchez,Ribbed Regular Fit T-shirt,Rs. 433,"4.1
|
50"
Fame Forever by Lifestyle,Polo Collar Cotton T-shirt,Rs. 399,"4.3
|
2.6k"
Allen Solly,Pure Cotton Slim Fit T-shirt,Rs. 769,"4.5
|
288"
Roadster,Ribbed Cotton Polo T-shirt,Rs. 549,"4
|
1.3k"
Nautica,Polo Pure Cotton T-shirt,Rs. 839,"4.6
|
13"
Bewakoof,Printed Cotton T-shirt,Rs. 649,"4.4
|
3k"
Mast & Harbour,Men Cotton Polo T-shirt,Rs. 299,"4.2
|
369"
Peter England,Slim Fit Cotton T-shirt,Rs. 659,"4.4
|
19"
MACK JONNEY,Men Brand Logo Polo Collar T-shirt,Rs. 694,
ADIDAS,Regular Fit Printed T-shirt,Rs. 766,"4.1
|
42"
Arrow Sport,Printed Pure Cotton T-shirt,Rs. 549,"4.1
|
19"
PRONK,Pure Cotton Printed T-shirt,Rs. 556,"4.4
|
3.4k"
INVICTUS,Solid Polo Collar T-shirt,Rs. 384,"4.1
|
4.1k"
TheBTclub,Unisex Printed Cotton T-shirt,Rs. 499,"4.3
|
74"
HAPPY KHAJANA,Men Henley Neck T-shirt,Rs. 349,"4.3
|
53"
Urbano Fashion,Slim Tropical Printed Pure Cotton T-shirt,Rs. 505,"4.1
|
33.2k"
Snitch,Pure Cotton T-Shirt,Rs. 740,"4.6
|
41"
Aeropostale,Polo Collar T-shirt,Rs. 827,"4.3
|
2.8k"
Allen Solly,Pure Cotton Oversized T-shirt,Rs. 1055,"4.3
|
56"
Maniac,Striped Round Neck T-shirt,Rs. 580,"4.2
|
7.7k"
Nautica,Pure Cotton T-shirt,Rs. 919,"4.4
|
533"
HERE&NOW,Regular Fit T-shirt,Rs. 359,"3.9
|
378"
Sztori,Plus Size Pure Cotton T-Shirt,Rs. 349,"4.8
|
11"
Ducati,Pure Cotton Polo T-shirt,Rs. 599,"4.1
|
20"
Levis,Men Brand Logo Printed V-Neck T-shirt,Rs. 692,"4.4
|
39"
Powerlook,SS25 Pure Cotton T-Shirt,Rs. 791,"4.4
|
85"
R.Code by The Roadster Life Co.,Men Polo Collar T-shirt,Rs. 299,"4.1
|
9.9k"
HRX by Hrithik Roshan,Printed Running T-shirt,Rs. 384,"4.4
|
54"
Being Human,Pure Cotton Applique T-shirt,Rs. 431,"4.1
|
131"
XYXX,Lounge Tshirts,Rs. 399,"4.3
|
743"
Maniac,Men Self Design Cotton T-shirt,Rs. 796,"4.4
|
1.3k"
JUMPCUTS,Men Printed Cotton T-shirt,Rs. 587,"3.2
|
144"
Being Human,Pure Cotton Printed T-shirt,Rs. 314,"4.3
|
180"
Snitch,Men Striped Slim Fit T-shirt,Rs. 503,"4.6
|
66"
Aeropostale,Cotton Printed T-shirt,Rs. 299,"4.3
|
356"
Nautica,Printed T-shirt,Rs. 665,"4.3
|
41"
Nautica,Men Printed Round Neck T-shirt,Rs. 759,"4.5
|
902"
Maniac,Men Striped Round Neck T-shirt,Rs. 580,"4.3
|
1.7k"
Nautica,Printed Regular Fit T-shirt,Rs. 835,"4.6
|
120"
Arrow Sport,Relaxed Fit Polo T-shirt,Rs. 703,"4.4
|
26"
Roadster,Colourblocked Round Neck T-shirt,Rs. 399,"4.2
|
1k"
Allen Solly,Men Brand Logo Printed Slim Fit T-shirt,Rs. 709,"4.4
|
1k"
HIGHLANDER,Men Printed Slim Fit T-shirt,Rs. 216,"4.1
|
850"
HRX by Hrithik Roshan,Printed Oversized T-shirt,Rs. 454,"4.2
|
89"
Being Human,Pure Cotton Polo T-shirt,Rs. 611,"4.3
|
82"
HRX by Hrithik Roshan,Colourblocked Running T-shirt,Rs. 467,"4.2
|
42"
KAIDO,Men Printed Cotton T-shirt,Rs. 354,"4.1
|
1.8k"
The Souled Store,Men Printed Cotton T-shirt,Rs. 549,
Blackberrys,Striped Polo Collar T-shirt,Rs. 1034,"4.6
|
18"
Ducati,Pure Cotton Relaxed T-shirt,Rs. 399,"3
|
6"
Peter England,Striped Polo Collar T-shirt,Rs. 769,"4.2
|
77"
Powerlook,Men Typography Printed V-Neck T-shirt,Rs. 759,"4
|
16"
DAMENSCH,Men Lounge T-Shirts,Rs. 491,"4.4
|
3.1k"
Being Human,Printed T-shirt,Rs. 467,"4.3
|
106"
Free Authority,Men Pack Of 2 Solid T-shirt,Rs. 499,"4.3
|
899"
FCUK,Typography Printed T-shirt,Rs. 349,"3.8
|
139"
WROGN,Solid Oversized Fit T-shirt,Rs. 449,"4.2
|
1.1k"
Bewakoof,Oversized Printed T-shirt,Rs. 699,"4.2
|
1.7k"
SPYKAR,Men Typography Pockets Slim Fit T-shirt,Rs. 798,"4.2
|
12"
Nautica,Polo Collar Cotton T-shirt,Rs. 1055,"4.8
|
22"
Nautica,Tropical Cotton T-shirt,Rs. 791,"4.5
|
308"
Sztori,Plus Size Pure Cotton T-shirt,Rs. 854,
SPYKAR,Men Slim Fit T-shirt,Rs. 704,"4.7
|
61"
Fame Forever by Lifestyle,Men Solid Cotton T-shirt,Rs. 399,"4.3
|
2.6k"
HRX by Hrithik Roshan,Ultra-Lite Running T-shirt,Rs. 467,"4.2
|
105"
GAP,Pure Cotton T-shirt,Rs. 599,"4.5
|
15"
Mufti,Men Printed Pockets Slim Fit T-shirt,Rs. 657,"4.4
|
72"
Technosport,UPF50 Slim Fit Tshirt,Rs. 475,"4.3
|
780"
Urbano Fashion,Men Printed Slim Fit T-shirt,Rs. 549,"4.1
|
33.2k"
H&M,Men Loose Fit T-shirt,Rs. 799,"4.8
|
41"
French Connection,Printed Polo Collar T-shirt,Rs. 449,
Converse,Unisex Logo T-shirt,Rs. 999,"4.6
|
5"
Jockey,Round Neck Regular T-shirt,Rs. 579,"4.6
|
275"
HRX by Hrithik Roshan,Printed Cotton T-shirt,Rs. 395,"4
|
12k"
FCUK,Embellished Cotton T-shirt,Rs. 399,"4.4
|
1.1k"
FCUK,Pure Cotton Printed T-shirt,Rs. 532,"4.4
|
79"
Pepe Jeans,Printed Cotton Basic Vest,Rs. 441,"4.3
|
1.9k"
Pepe Jeans,Slim Pure Cotton T-shirt,Rs. 540,"4.1
|
30"
Jack & Jones,Men Brand Logo V-Neck T-shirt,Rs. 535,"4.4
|
8"
Bushirt,Men Cotton T-shirt,Rs. 404,"4.2
|
1.2k"
HRX by Hrithik Roshan,Brand Logo Polo T-shirt,Rs. 372,"3.4
|
112"
FUAARK,Men Checked Slim Fit T-shirt,Rs. 639,"4.3
|
3.2k"
Moda Rapido,Men Solid Polo T-shirt,Rs. 346,"3.4
|
1.2k"
FCUK,Pure Cotton Relaxed T-shirt,Rs. 399,"4.6
|
11"
Louis Philippe Jeans,Men Printed Slim Fit T-shirt,Rs. 766,"4.4
|
5.6k"
WROGN,Men Striped Polo Collar Slim Fit T-shirt,Rs. 799,"4.2
|
420"
BROWN BROTHERS,Unisex Oversized T-shirt,Rs. 471,"4.3
|
401"
Flying Machine,Men Floral Printed Polo Collar Pockets T-shirt,Rs. 672,"4.6
|
38"
AUSK,Men Colourblocked Polo Collar T-shirt,Rs. 397,"3.6
|
127"
SPYKAR,Men Solid Cotton Polo T-shirt,Rs. 629,"4.5
|
37"
H&M,Regular Fit T-Shirt,Rs. 399,"4.2
|
50k"
French Connection,Pure Cotton Geometric T-shirt,Rs. 599,"4.7
|
10"
HRX by Hrithik Roshan,Men Rapid-Dry T-shirt,Rs. 499,"4.1
|
679"
French Connection,Typography Printed T-shirt,Rs. 349,"5
|
6"
MANGO MAN,Cotton Regular Fit T-shirt,Rs. 594,"4.4
|
290"
HRX by Hrithik Roshan,Printed Polo Collar T-shirt,Rs. 377,"3.8
|
11"
Roadster,Self Design Relaxed T-shirt,Rs. 539,"3.8
|
71"
Converse,Unisex Front Logo T-shirt,Rs. 999,"4.9
|
9"
Sztori,Plus Size Printed T-shirt,Rs. 349,"4.3
|
29"
Roadster,Mandarin Collar T-shirt,Rs. 573,"4.2
|
5.2k"
NOBERO,Cotton Oversized T-Shirt,Rs. 499,"4.3
|
2.7k"
H&M,Loose Fit Printed T-shirt,Rs. 639,"4.5
|
4.1k"
Puma,Solid Cotton Innerwear Vest,Rs. 753,"3.8
|
639"
Jack & Jones,Men Solid Cotton T-shirt,Rs. 549,"5
|
12"
Mast & Harbour,Striped Relaxed Fit T-shirt,Rs. 519,"3.8
|
163"
WHITE HUSK,Demon Slayer Cotton T-shirt,Rs. 978,"4.3
|
21"
Mast & Harbour,Solid T-shirt,Rs. 709,"4.2
|
1.2k"
TOGS & TERRE,Cotton Oversized T-shirt,Rs. 439,"4.1
|
1.1k"
DAMENSCH,Colourblock Cotton T-shirt,Rs. 647,"4.5
|
3.2k"
The Indian Garage Co,Men Printed T-shirt,Rs. 536,"4.2
|
819"
Allen Solly,Cotton Relaxed Fit T-shirt,Rs. 1055,"4.4
|
30"
Roadster,Men Pure Cotton T-shirt,Rs. 349,"4.2
|
823"
Nautica,Pure Cotton Relaxed T-shirt,Rs. 683,"4.1
|
98"
Allen Solly,Printed Polo Collar T-shirt,Rs. 1071,"4.6
|
244"
Roadster,Pure Cotton T-shirt,Rs. 280,"4.2
|
124.2k"
ADIDAS,Polo Collar RegularFit T-Shirt,Rs. 883,"4.3
|
184"
NOBERO,Men Printed Oversized T-shirt,Rs. 499,"4.4
|
1.9k"
Powerlook,Typography Printed T-shirt,Rs. 593,"4.6
|
43"
Roadster,Printed Round Neck Pure Cotton T-shirt,Rs. 404,"3.5
|
1.2k"
Fame Forever by Lifestyle,Henley Neck Cotton T-shirt,Rs. 559,"4.6
|
133"
Nautica,Pure Cotton Henley T-shirt,Rs. 818,
R.Code by The Roadster Life Co.,Men Printed T-shirt,Rs. 349,
Nautica,Polo Collar T-shirt,Rs. 879,"4.4
|
147"
Levis,Solid V-Neck Lounge T-shirt,Rs. 473,"4.3
|
5.2k"
Roadster,Solid Polo Collar Cotton T-shirt,Rs. 349,"3.8
|
1.8k"
glitchez,Printed Regular Fit T-shirt,Rs. 286,"4.3
|
185"
Mast & Harbour,Printed Polo Collar T-shirt,Rs. 299,"4.3
|
542"
HIGHLANDER,Drop-Shoulder Sleeves T-shirt,Rs. 377,"3.9
|
841"
Difference of Opinion,Men Printed T-shirt,Rs. 293,"4.5
|
365"
Roadster,Men Printed T-shirt,Rs. 343,"4
|
103"
glitchez,Printed Henley Neck T-shirt,Rs. 362,"4.1
|
28"
H&M,Loose Fit Printed T-Shirt,Rs. 639,"4.5
|
4.1k"
KAJARU,Men Colourblocked Polo Collar T-shirt,Rs. 349,
U.S. Polo Assn.,Solid Athleisure T-shirt,Rs. 587,"4.2
|
13.2k"
Maniac,Men Printed Oversized Tshirt,Rs. 499,"4.3
|
2.5k"
HRX by Hrithik Roshan,Printed Training T-shirt,Rs. 332,"4.3
|
100"
Pepe Jeans,Printed Slim Fit T-shirt,Rs. 439,"4.6
|
20"
glitchez,Washed Effect Polo T-shirt,Rs. 577,"4.1
|
283"
Arrow Sport,Colourblocked T-shirt,Rs. 927,
WROGN,Men Slim Fit T-shirt,Rs. 959,"4.2
|
1.3k"
Aeropostale,Pure Cotton Relaxed T-Shirt,Rs. 449,"4.7
|
9"
ADIDAS,Brand Logo Printed T-shirt,Rs. 650,"4.4
|
145"
Allen Solly,Colourblocked Cotton T-shirt,Rs. 779,"4.4
|
170"
R.Code by The Roadster Life Co.,Men Solid Cotton T-shirt,Rs. 299,"4.1
|
9.9k"
Mufti,Men Slim Fit Cotton T-shirt,Rs. 601,"4.5
|
15"
max,Polo Collar T-shirt,Rs. 699,"4.4
|
105"
Bewakoof,Printed Pure Cotton T-shirt,Rs. 799,"4.4
|
142"
Roadster,Men Cotton Printed T-shirt,Rs. 559,"4.3
|
2.1k"
Sztori,Pure Cotton T-shirt,Rs. 720,"4.5
|
480"
United Colors of Benetton,Cotton Slim Fit T-shirt,Rs. 649,"4.4
|
920"
Technosport,Colourblocked Slim Fit T-shirt,Rs. 346,"4.3
|
2.5k"
H&M,Pure Cotton Round Neck T-shirt,Rs. 399,"4.2
|
50k"
DAMENSCH,Breeze Ultralight T-Shirt,Rs. 447,"4.4
|
1.3k"
Allen Solly,Striped Polo Collar T-shirt,Rs. 1049,"4.4
|
299"
Technosport,Men Antimicrobial T-shirt,Rs. 324,"4.3
|
6.3k"
Being Human,Brand Logo Pure Cotton T-shirt,Rs. 349,"4.2
|
203"
Roadster,Men Self-Design Henley T-shirt,Rs. 499,"4.2
|
18.2k"
WROGN,Pure Cotton Oversized T-Shirt,Rs. 909,
WROGN,Polo Collar Slim Fit T-shirt,Rs. 899,"4.1
|
213"
Van Heusen Innerwear,Men Crew Neck T-Shirt,Rs. 510,"4.3
|
112"
ADIDAS,Train Essentials T-shirt,Rs. 1025,"4.3
|
371"
Unicus Apparel,Men Solid Slim Fit T-shirt,Rs. 348,"3.9
|
279"
Powerlook,Men Pure Cotton T-shirt,Rs. 747,"4.3
|
60"
Peter England,Men Polo Collar Slim Fit T-shirt,Rs. 589,"4.1
|
490"
Kook N Keech,Cotton Oversized T-shirt,Rs. 479,"4.2
|
62"
WROGN,Cotton Oversized T-shirt,Rs. 699,"3.6
|
82"
BULLMER,Pack Of 2 Printed T-shirts,Rs. 568,"3.9
|
154"
BDSQUARE,Cotton Oversized T-shirt,Rs. 399,"4.2
|
591"
AVEJO,Printed Polo Collar T-shirt,Rs. 328,
Rigo,Unisex Oversized T-Shirt,Rs. 488,"4.2
|
168"
DAMENSCH,Stretch Pocket Lounge T shirt,Rs. 735,"4.5
|
3.2k"
Allen Solly,Relaxed Pure Cotton T-shirt,Rs. 1055,"4.4
|
101"
WROGN,Pure Cotton Slim Fit T-shirt,Rs. 349,"3.9
|
14"
Roadster,Striped Henley Neck T-shirt,Rs. 623,"4.2
|
252"
ADIDAS,D2M Classic Polo T-shirt,Rs. 1183,"4.2
|
3.7k"
WROGN,Printed Pure Cotton T-shirt,Rs. 549,"4.1
|
10"
Roadster,Open Weave Knitted T-shirt,Rs. 449,"4.5
|
11"
U.S. Polo Assn.,Men Pure Cotton Lounge T-Shirt,Rs. 531,"4.4
|
294"
Maniac,Colourblocked Cotton Tshirt,Rs. 728,"4.4
|
96"
Leotude,Pack Of 2 Polo Collar T-shirts,Rs. 599,"3.6
|
31"
Allen Solly,Men Printed Cotton T-shirt,Rs. 1034,"4.3
|
92"
Bewakoof,Pure Cotton Oversized T-shirt,Rs. 439,"4.7
|
9"
madfrog,Self Design T-shirt,Rs. 327,"3.5
|
192"
Allen Solly,Polo Collar T-shirt,Rs. 839,"4.6
|
748"
Arrow Sport,Pure Cotton T-shirt,Rs. 884,"4.5
|
22"
Technosport,Men Antimicrobial Active Tee,Rs. 287,"4.4
|
14.9k"
encore by INVICTUS,Men Polo Collar Slim Fit T-shirt,Rs. 455,"4.1
|
596"
FCUK,Anti Odour T-shirt,Rs. 607,"4.2
|
2.7k"
U.S. Polo Assn.,Round Neck Lounge Tshirts,Rs. 619,"4.1
|
702"
glitchez,Oversized Fit Printed T-shirt,Rs. 303,"4.4
|
337"
Nautica,High IQ Cotton T-shirt,Rs. 628,"4.5
|
174"
Bewakoof,Men Printed Oversized T-shirt,Rs. 599,"4.4
|
1.5k"
HIGHLANDER,Men Typography Printe T-shirt,Rs. 487,"4.3
|
307"
glitchez,Textured Knit T-shirt,Rs. 447,"4.1
|
211"
VEIRDO,Pure Cotton T-shirt,Rs. 449,"4
|
380"
French Connection,Pure Cotton Polo Knit T-shirt,Rs. 549,"4.2
|
19"
HRX by Hrithik Roshan,Colorblocked T-shirt,Rs. 454,"4
|
21"
Jack & Jones,Typography Printed T-shirt,Rs. 539,"4.3
|
250"
glitchez,Placement Print T-shirt,Rs. 317,"4
|
21"
ARRAY,Men Solid T-shirt,Rs. 425,"4.1
|
1.2k"
WROGN,Slim Fit Pure Cotton T-shirt,Rs. 399,"4.7
|
6"
TQH,Men Black High Neck T-shirt,Rs. 342,"4.2
|
206"
Indian Terrain,Men Polo Collar Cotton T-shirt,Rs. 798,"4.3
|
38"
HRX by Hrithik Roshan,Colorblocked Running T-shirt,Rs. 395,"4.4
|
50"
glitchez,Contrast Stitch Casual T-shirt,Rs. 265,"4.4
|
143"
Allen Solly,Regular-Fit T-shirt,Rs. 979,"4.5
|
154"
Roadster,Self Design Henley Neck T-shirt,Rs. 999,"4.2
|
18.2k"
Maniac,Colourblocked Cotton T-shirt,Rs. 580,"4.2
|
21.7k"
FCUK,Pure Cotton Oversized T-shirt,Rs. 999,"4.6
|
13"
Rigo,Polo Collar Cotton T-shirt,Rs. 477,"4
|
178"
KAIDO,Men Printed T-shirt,Rs. 343,"4.1
|
35"
Jockey,Men Solid T-shirt,Rs. 499,"4.2
|
764"
Aeropostale,Relaxed Pure Cotton T-Shirt,Rs. 399,"4.7
|
16"
Flying Machine,Men Polo Collar T-shirt,Rs. 779,"4.3
|
7"
THE BEETEL HOUSE,Men Colourblocked Polo Collar T-shirt,Rs. 445,"2.8
|
17"
HRX by Hrithik Roshan,Cotton Lifestyle T-shirt,Rs. 494,"4.3
|
89"
glitchez,Polo Collar Oversized T-shirt,Rs. 459,"4.1
|
1.7k"
INVICTUS,Solid Polo Collar Pure Cotton T-shirt,Rs. 491,"4
|
4.1k"
United Colors of Benetton,Brand Logo Detail T-shirt,Rs. 649,"4.1
|
86"
SZN,Drop-Shoulder Sleeves T-shirt,Rs. 329,"4.1
|
369"
Roadster,Solid Henley Neck T-shirt,Rs. 467,"4.3
|
783"
Being Human,Men Solid Polo T-Shirt,Rs. 644,"4.6
|
57"
bigbanana,Men Polo Collar T-shirt,Rs. 669,"4.2
|
54"
NOBERO,Oversized Graphic T-shirt,Rs. 499,"4.5
|
725"
FUAARK,Men Solid T-shirt,Rs. 499,"4.3
|
188"
Levis,Brand Logo Printed T-shirt,Rs. 719,"4.3
|
143"
Technosport,Antimicrobial Sports T-shirt,Rs. 287,"4.4
|
14.8k"
Mast & Harbour,Striped Polo Collar Cotton T-shirt,Rs. 558,"4.2
|
2.9k"
BAESD,Pack Of 2 Cotton T-shirts,Rs. 799,
Maniac,Men Oversized Printed T-Shirt,Rs. 699,"4.2
|
1.2k"
Roadster,Pure Cotton Henley T-shirt,Rs. 399,"4.2
|
500"
Crocodile,Polo Collar Slim Fit T-shirt,Rs. 699,"4.1
|
1k"
KAJARU,Men Mandarin Collar T-shirt,Rs. 349,"4.1
|
82"
VEIRDO,Men Printed Plus Size Tshirt,Rs. 599,"4.3
|
6"
Allen Solly,Men Polo Collar T-shirt,Rs. 909,"4.6
|
448"
Allen Solly,Brand Logo T-shirt,Rs. 965,"4.3
|
82"
U.S. Polo Assn.,Cotton Slim Fit Polo T-shirt,Rs. 974,"4.6
|
71"
StyleCast x Revolte,Men Argyle Round Neck T-shirt,Rs. 593,"2.2
|
90"
Nautica,Brand Logo Polo Collar T-shirt,Rs. 1034,"4.8
|
9"
TRAQUILA,Ribbed Polo Collar T-shirt,Rs. 347,"3.7
|
307"
Ducati,Pure Cotton T-shirt,Rs. 399,"3.7
|
6"
Crazymonk,Men Cotton Round Neck T-shirt,Rs. 497,"4.4
|
185"
Being Human,Men Raw Edge T-shirt,Rs. 799,"3.4
|
14"
FUAARK,Anti Odour Slim Fit T-Shirt,Rs. 588,"4.9
|
9"
bigbanana,Plus Size Printed T-shirt,Rs. 725,"4.4
|
26"
Jockey,Men V-Neck T-shirt,Rs. 579,"4.5
|
5.8k"
Aeropostale,Relaxed Pure Cotton T-shirt,Rs. 349,"4.1
|
87"
Crazymonk,Men Printed Cotton T-shirt,Rs. 499,"4
|
110"
Stormborn,Men Printed Cotton T-shirt,Rs. 489,"4.4
|
554"
Blackberrys,Printed Slim Fit T-shirt,Rs. 1046,"4.5
|
111"
Crazybee Tshirt,Men Printed Cotton T-shirt,Rs. 321,"4.2
|
122"
French Connection,Printed Pure Cotton T-shirt,Rs. 845,"4.1
|
439"
Allen Solly,Cotton Relaxed T-shirt,Rs. 1055,"4.6
|
46"
French Connection,Polo Collar Pure Cotton T-shirt,Rs. 701,"3.8
|
99"
CULT,Men Brand Logo Wicking T-shirt,Rs. 739,"4.6
|
41"
HERE&NOW,Men Typography Printed T-shirt,Rs. 764,"2.5
|
10"
HRX by Hrithik Roshan,Colourblock Lifestyle T-shirt,Rs. 454,"4.5
|
53"
MISCHIEF MONKEY,Men Printed Oversized T-shirt,Rs. 499,"3.8
|
31"
Roadster,Polo Collar T-Shirt,Rs. 449,
MuscleBlaze,Unisex Compression T-shirt,Rs. 699,"3.9
|
46"
SPYKAR,Men Applique Slim Fit T-shirt,Rs. 845,
LUX NITRO,Pack Of 2 Lounge Tshirts,Rs. 319,"3.9
|
74"
Allen Solly,Floral Print Cotton T-shirt,Rs. 965,"4.1
|
89"
Van Heusen Innerwear,Men Super Combed Cotton Lounge T-shirt,Rs. 413,"4.5
|
193"
BLIVE,Men Hooded Pockets T-shirt,Rs. 305,
glitchez,Preppy Collar Oversize T-shirt,Rs. 454,"3.5
|
49"
U.S. Polo Assn. Denim Co.,Men Printed Cotton T-shirt,Rs. 720,
Moda Rapido,Knit Polo Neck Pullover,Rs. 500,
Moda Rapido,Men Polo Collar Pockets T-shirt,Rs. 347,"4.1
|
19.5k"
SPYKAR,Men Printed Slim Fit T-shirt,Rs. 639,"3.9
|
84"
Mast & Harbour,Printed Oversized T-shirt,Rs. 519,"4.3
|
109"
Monte Carlo,High Neck T-shirt,Rs. 1157,"4.5
|
29"
United Colors of Benetton,Brand Logo Printed T-shirt,Rs. 974,"4.6
|
31"
Nautica,Colourblocked Polo T-shirt,Rs. 1106,"4.4
|
169"
KETCH,Men Printed Slim Fit T-shirt,Rs. 172,"3.8
|
89"
ADIDAS,Printed Cotton Regular T-shirt,Rs. 559,"4.4
|
52"
Snitch,Men Solid Relaxed Fit T-shirt,Rs. 583,"4.2
|
128"
NOBERO,Men Oversized Printed T-shirt,Rs. 499,"4.3
|
154"
HRX by Hrithik Roshan,Men Polo Collar T-shirt,Rs. 494,"4.3
|
4.3k"
TRIPR,Men BLENDED Tshirts,Rs. 351,
Puma,Men's Poly Tee,Rs. 719,"4.4
|
214"
FCUK,Cotton Relaxed Polo T-shirt,Rs. 923,"3.9
|
59"
Bewakoof,Printed Round Neck Pure Cotton T-shirt,Rs. 499,"4.4
|
4.3k"
Kook N Keech,Men Polo Collar T-shirt,Rs. 329,"4.6
|
12"
Urbano Fashion,Men Printed Slim Fit Pure Cotton T-shirt,Rs. 505,"4.1
|
33.2k"
Jockey,Men Solid Sports T-shirt,Rs. 579,"4.4
|
155"
Nautica,Brand Logo Striped T-shirt,Rs. 655,"4.4
|
31"
Indian Terrain,Polo Collar Cotton T-shirt,Rs. 517,"4.2
|
13"
Park Avenue,Printed Polo Collar T-shirt,Rs. 751,"4
|
122"
United Colors of Benetton,Typography Printed T-shirt,Rs. 844,"4
|
7"
Peter England,Polo Collar Slim Fit T-shirt,Rs. 648,"4.4
|
502"
WROGN,Printed Casual T-shirt,Rs. 649,"3.4
|
7"
Mr Bowerbird,Philosophy Oversized T-shirt,Rs. 349,"4.3
|
13.2k"
HRX by Hrithik Roshan,Men Typography Printed Ultralite T-shirt,Rs. 454,"4.2
|
106"
Jockey,Men Maroon T-shirt,Rs. 579,"4.5
|
1.1k"
Mufti,Printed Cotton Casual T-shirt,Rs. 601,"4
|
8"
Ducati,Printed Pure Cotton T-shirt,Rs. 399,"4.7
|
25"
KAJARU,Men Polo Collar T-shirt,Rs. 349,"4.2
|
105"
Puma,Men Cotton Graphic T-shirt,Rs. 719,"4.3
|
587"
Mast & Harbour,Men Typography Printed T-shirt,Rs. 349,
Roadster,Pure Cotton Casual T-shirt,Rs. 413,"4.1
|
241"
Technosport,Men Striped Anti Static Polo Collar Slim Fit T-shirt,Rs. 512,"4.8
|
34"
JUMPCUTS,Pure Cotton T-shirt,Rs. 489,"4.1
|
24"
WROGN,Printed Slim Polo T-shirt,Rs. 949,"4.3
|
245"
glitchez,Men Typography Printed T-shirt,Rs. 319,"4.3
|
34"
VEIRDO,Men Cotton T-shirt with Mask,Rs. 379,"4.3
|
144"
SPYKAR,Men Raw Edge Slim Fit T-shirt,Rs. 671,"4.8
|
12"
HRX by Hrithik Roshan,Men Self Design T-shirt,Rs. 499,"4.2
|
5"
U.S. Polo Assn.,Pack Of 2 Pure Cotton T-Shirts,Rs. 779,"4.4
|
290"
WROGN,Men Polo Collar T-shirt,Rs. 1139,"3.9
|
13"
Para Hills,Men Printed T-shirt,Rs. 480,
Roadster,Men Henley Neck T-shirt,Rs. 419,"4.3
|
937"
WROGN,Self-Design Oversized T-shirt,Rs. 783,"4.3
|
34"
Raymond,Slim Printed Cotton T-shirt,Rs. 845,"4.7
|
70"
Maniac,Men Cotton High Neck T-shirt,Rs. 899,"4.2
|
40"
Flying Machine,Men Brand Logo Printed T-shirt,Rs. 449,"4.2
|
22"
Maniac,Men Printed Oversized T-shirt,Rs. 580,"4.2
|
21.7k"
Mr Bowerbird,Pure Cotton Liberal T-shirt,Rs. 349,"4.1
|
504"
Kook N Keech,Cotton Relaxed Fit T-shirt,Rs. 479,"4.4
|
48"
glitchez,Oversized Graphic T-shirt,Rs. 406,"4.1
|
130"
FCUK,Brand Logo Printed T-shirt,Rs. 399,"4.4
|
126"
glitchez,Captain America Print T-shirt,Rs. 303,"3.9
|
105"
Kook N Keech Looney Tunes,Looney Tunes Striped T-shirt,Rs. 439,"4
|
91"
Kook N Keech Harry Potter,Printed Oversized T-shirt,Rs. 458,"4.1
|
414"
Roadster,Men Turtle Neck T-shirt,Rs. 2399,"4.4
|
62"
Mobox,Men Striped Polo Collar T-shirt,Rs. 349,
Moda Rapido,Relaxed Fit Cotton T-shirt,Rs. 355,"4.1
|
19.5k"
Crazymonk,Cotton Oversized T-shirt,Rs. 499,"4.4
|
25"
Jockey,Men Solid Round Neck Tshirt,Rs. 799,"4.3
|
1.6k"
NOBERO,Oversized Printed T-shirt,Rs. 499,"4.2
|
204"
WROGN,Men Printed Cotton T-shirt,Rs. 649,
Lux Cozi,Polo Collar Lounge T-Shirt,Rs. 379,"4.3
|
36"
Nautica,Henley Neck Cotton T-shirt,Rs. 818,
TRIPR,Pack of 2 Cotton T-shirt,Rs. 359,"3.6
|
110"
WROGN,Cotton Polo T-shirt,Rs. 879,"4.1
|
41"
Mast & Harbour,Printed Relaxed Fit T-shirt,Rs. 519,"4.3
|
108"
ether,Grower Comfort Fit T-shirt,Rs. 349,"4.6
|
19"
HAPPY KHAJANA,Grey High Neck T-shirt,Rs. 349,"4.5
|
43"
LUX NITRO,Pack Of 2 Lounge T-shirt,Rs. 319,"4
|
14"
UNIBERRY,Men Polo Collar T-shirt,Rs. 422,"4.2
|
88"
Being Human,Brand Logo Printed T-shirt,Rs. 323,"4.1
|
207"
RAHI TRENDZ,Men Self Design T-shirt,Rs. 358,"4.1
|
31"
Leotude,Men Turtle Neck T-shirt,Rs. 349,"3.8
|
332"
Allen Solly,Printed Detail Cotton T-shirt,Rs. 1055,"4
|
31"
H&M,Pure Cotton Regular Fit Top,Rs. 799,"4
|
1.3k"
MARVEL STREET,Captain America T-shirt,Rs. 299,"4.2
|
46"
VEIRDO,Oversized Cotton T-shirt,Rs. 399,"4.1
|
33"
Lux Cozi,Pack Of 2 Lounge T-shirts,Rs. 790,"4.2
|
120"
Urbano Fashion,Solid Henley Neck Pure Cotton T-shirt,Rs. 549,"4
|
4k"
MACHO,Round Neck T-Shirt,Rs. 365,
Alcis,Striped Slim Fit T-shirt,Rs. 589,"4.7
|
9"
The Indian Garage Co,Striped Polo Collar T-shirt,Rs. 489,"4.4
|
863"
Crocodile,Men V-Neck Cotton T-shirt,Rs. 474,"4.3
|
1.1k"
Being Human,Pure Cotton Relaxed T-shirt,Rs. 563,"4.4
|
101"
LECOWAR,Polo Collar T-shirt,Rs. 349,
Pepe Jeans,Men Printed Slim Fit T-shirt,Rs. 610,"4.4
|
31"
Moda Rapido,Pure Cotton Oversized T-shirt,Rs. 357,
Technosport,Men Printed Antimicrobial Slim Fit T-shirt,Rs. 494,
Instafab Plus,Men Polo Collar Pockets T-shirt,Rs. 739,"4.3
|
6"
DILLINGER,Striped Polo Collar T-shirt,Rs. 649,"4.3
|
613"
Sztori,Men V-Neck T-shirt,Rs. 740,"4.6
|
286"
WROGN,Oversized Cotton T-shirt,Rs. 399,"4.2
|
57"
glitchez,Men Solid Relaxed Fit T-shirt,Rs. 402,"3.5
|
51"
H&M,Regular Fit Textured T-shirt,Rs. 559,"3.9
|
107"
Crocodile,Men Solid Cotton T-shirt,Rs. 474,"4.3
|
593"
Urban Buccachi,Men Striped Polo Collar T-shirt,Rs. 329,
KAJARU,Men High Neck T-shirt,Rs. 399,"3.6
|
310"
CULT,Men Plus Size T-shirt,Rs. 769,"4.6
|
64"
Roadster,Oversized Striped T-shirt,Rs. 422,"4.3
|
212"
Crazymonk,Men Printed Applique T-shirt,Rs. 497,"4.5
|
321"
bigbanana,Plus Size Men Polo T-shirt,Rs. 769,"4.5
|
776"
Bewakoof,Pure Cotton Printed T-shirt,Rs. 499,"4.2
|
695"
DADA IMPEX,Men Polo Collar T-shirt,Rs. 319,
AUTNA,Men Typography Printed Pockets T-shirt,Rs. 399,
FASHIUM,Men Printed T-shirt,Rs. 399,
Moda Rapido,Men T-shirt,Rs. 373,
Peter England,Polo Collar Pockets T-shirt,Rs. 714,"4.1
|
21"
glitchez,Oversized Sleeveless T-shirt,Rs. 406,"4.1
|
22"
Sztori,Men Striped T-shirt,Rs. 740,"4.2
|
179"
Maniac,Men Polo Collar T-shirt,Rs. 429,"4.6
|
170"
PRONK,Men Printed Raw Edge T-shirt,Rs. 556,"4.4
|
3.4k"
Mast & Harbour,Polo Collar T-shirt,Rs. 440,"4.2
|
4.1k"
Sztori,Plus Size Striped T-shirt,Rs. 299,
Kook N Keech Marvel,Pure Cotton Relaxed T-shirt,Rs. 439,"3.9
|
8"
The Souled Store,Men Printed T-shirt,Rs. 749,"4.4
|
288"
The Souled Store,Unisex Slim Fit T-shirt,Rs. 549,"4.2
|
1.3k"
ether,Antimicrobial Slim Fit T-shirt,Rs. 516,"4.3
|
16.7k"
Levis,Men Printed Cotton T-shirt,Rs. 519,"4.5
|
26"
DILLINGER,Men Solid Regular Fit T-shirt,Rs. 309,"4.4
|
2.3k"
Roadster,Solid Stand Collar T-shirt,Rs. 449,"4
|
965"
Van Heusen Innerwear,Pure Cotton Lounge Tshirt,Rs. 434,"4
|
69"
Roadster,Typography Printed T-shirt,Rs. 343,"3.5
|
6"
HRX by Hrithik Roshan,Printed Lifestyle T-shirt,Rs. 384,"4.3
|
58"
Kook N Keech,Oversized Pure Cotton T-shirt,Rs. 519,"4.4
|
185"
Allen Solly,Slim Fit Pure Cotton T-shirt,Rs. 896,"4.4
|
21"
JUMPCUTS,Men Printed Hooded Pockets T-shirt,Rs. 573,"2.3
|
18"
Sztori,Plus Size Solid V-Neck T-shirt,Rs. 299,"4.3
|
586"
HRX by Hrithik Roshan,Men Solid High Neck T-shirt,Rs. 760,"4.3
|
93"
Van Heusen Innerwear,Men Pure Cotton Lounge Tshirts,Rs. 413,"4.3
|
106"
Rigo,Colourblocked Cotton T-shirt,Rs. 596,"3.8
|
15"
Maniac,Henley Neck Cotton T-shirt,Rs. 599,"4.1
|
2.5k"
Allen Solly,Printed Pure Cotton T-shirt,Rs. 1055,"4.4
|
15"
HRX by Hrithik Roshan,Men High Neck T-shirt,Rs. 699,"4.2
|
916"
WROGN,Round Neck Oversized T-shirt,Rs. 797,"4.3
|
77"
RAHI TRENDZ,Polo Collar T-shirt,Rs. 358,"4
|
27"
Roadster,Men Checked Mandarin Collar T-shirt,Rs. 459,"4.3
|
2.7k"
Kook N Keech,Striped Cotton Relaxed T-shirt,Rs. 516,"4.2
|
7.2k"
HIGHLANDER,Men Oversized T-shirt,Rs. 195,"3.9
|
626"
Roadster,Striped Open Knit T-shirt,Rs. 399,"4.6
|
8"
max,Men Polo Collar T-shirt,Rs. 399,"4.3
|
3.7k"
SZN,Men Polo Collar T-shirt,Rs. 451,"4.4
|
52"
Mr Bowerbird,Philsosophy Muscle T-shirt,Rs. 516,"4.3
|
1.3k"
max,Men Printed Applique T-shirt,Rs. 489,"4.4
|
7"
VEIRDO,Pure Cotton Oversized T-shirt,Rs. 399,"4.1
|
1k"
Rigo,Men Polo Collar T-shirt,Rs. 643,"4.2
|
5.4k"
Maniac,Men Typography Striped T-shirt,Rs. 582,
Bossini,Polo Collar Cotton T-shirt,Rs. 629,"4.6
|
517"
Peter England Casuals,Polo Collar T-shirt,Rs. 648,"4.3
|
50"
Jockey,Men V-Neck Lounge T-shirt,Rs. 589,
H&M,Pure Cotton Loose Fit T-shirt,Rs. 799,"4.3
|
468"
Louis Philippe Jeans,Pure Cotton T-shirt,Rs. 1019,"4.2
|
14"
SZN,Muscle Fit Polo T-Shirt,Rs. 338,
HRX by Hrithik Roshan,Printed Sports T-shirt,Rs. 599,"3.8
|
750"
French Connection,Logo Printed Polo T-shirt,Rs. 449,
Rigo,Cotton Casual T-shirt,Rs. 704,"4.2
|
5.4k"
Aeropostale,Polo Collar Cotton T-shirt,Rs. 499,
Reebok,Round Neck Lounge T-Shirt,Rs. 639,"4.1
|
27"
glitchez,Men Printed Cotton T-shirt,Rs. 365,"4.1
|
103"
Technosport,Antimicrobial T-shirt,Rs. 287,"4.4
|
14.9k"
DILLINGER,Pure Cotton T-shirt,Rs. 395,"4.2
|
6.5k"
Difference of Opinion,Colourblocked Tshirt,Rs. 639,"4.2
|
61"
U.S. Polo Assn.,Men Brand Printed Cotton Lounge T-shirt,Rs. 473,"4.5
|
673"
Roadster,Cotton Printed Polo T-shirt,Rs. 299,"4.2
|
2.6k"
Indian Terrain,Striped Polo Collar T-shirt,Rs. 798,
Kappa,Polo Collar Sports T-shirt,Rs. 679,"4.5
|
3.1k"
glitchez,Relaxed Typography T-shirt,Rs. 319,"4.6
|
26"
Maniac,Men Striped Polo Collar T-shirt,Rs. 499,
TRIPR,Men Typography Colourblocked Polo Collar T-shirt,Rs. 458,"2.4
|
7"
U.S. Polo Assn. Denim Co.,Printed Slim Fit T-shirt,Rs. 779,"4.2
|
11"
Allen Solly,Pure Cotton Relaxed T-shirt,Rs. 1034,"4.4
|
93"
Instafab Plus,Cotton Plus Size T-shirt,Rs. 439,
Sztori,Solid Plus Size T-shirt,Rs. 299,
Raymond,Polo Collar Modern Fit T-shirt,Rs. 678,"4.3
|
628"
glitchez,Typo Print Relaxed T-shirt,Rs. 303,"3.8
|
167"
Allen Solly,Men Striped Polo Collar Pockets T-shirt,Rs. 1121,"4.5
|
11"
Maniac,Men Pockets T-shirt,Rs. 599,"4.2
|
128"
Sztori,Polo Collar T-shirt,Rs. 815,"4.3
|
1.2k"
FUAARK,Printed Anti Odour Gym T-shirt,Rs. 639,"4.3
|
3.2k"
Puma,Men's Poly T-shirt,Rs. 719,"4.3
|
99"
VEIRDO,Men T-shirt,Rs. 429,"4
|
501"
WROGN,Self Designed T-shirt,Rs. 549,"4.5
|
24"
Sztori,Men Plus Size T-shirt,Rs. 740,"4.2
|
631"
Converse,Unisex Chuck Patch T-shirt,Rs. 999,"4.7
|
22"
Park Avenue,Polo Collar Slim Fit T-shirt,Rs. 558,"4.4
|
1k"
CULT,Men Solid Round Neck T-shirt,Rs. 589,"4
|
55"
French Connection,Pure Cotton T-shirt,Rs. 655,"4.3
|
25"
Fame Forever by Lifestyle,Cotton Slim Fit T-shirt,Rs. 399,"4.3
|
2.6k"
PRONK,Men Printed Cotton T-shirt,Rs. 556,"4.3
|
163"
The Souled Store,Pure Cotton Oversized T-shirt,Rs. 799,"4.4
|
7.2k"
Roadster,Cotton Striped Polo Pure Cotton T-shirt,Rs. 878,"4.3
|
1k"
Red Tape,Men Solid Polo T-shirt,Rs. 782,
HAPPY KHAJANA,Men High Neck T-shirt,Rs. 349,"4.4
|
41"
BDSQUARE,Pure Cotton Oversized T-shirt,Rs. 399,"4.4
|
688"
Genzy,Men Polo Collar T-shirt,Rs. 499,"3.1
|
216"
Allen Solly,Floral Printed Cotton T-shirt,Rs. 965,"4.6
|
19"
Try This,Men Striped Polo Collar 1 T-shirt,Rs. 399,"3.7
|
10"
Nautica,Cotton Polo Collar T-shirt,Rs. 919,"4.2
|
218"
AUSK,Men Typography Printed Hooded T-shirt,Rs. 389,"3.2
|
271"
Snitch,Men Polo Collar Cotton T-shirt,Rs. 740,"4.6
|
37"
Pepe Jeans,Slim Polo Pure Cotton T-Shirt,Rs. 599,"4.4
|
122"
WROGN,Striped Cotton T-shirt,Rs. 499,"3.9
|
56"
Louis Philippe Jeans,Men Typography Printed T-shirt,Rs. 766,"4.4
|
2.2k"
PRONK,Men Printed T-shirt,Rs. 659,"4.4
|
19"
R.Code by The Roadster Life Co.,Cotton Casual T-shirt,Rs. 299,"4.1
|
9.9k"
glitchez,Oversized Polo Collar T-shirt,Rs. 459,"4.1
|
1.7k"
U.S. Polo Assn. Denim Co.,Men Brand Logo Printed Slim Fit T-shirt,Rs. 600,"4.1
|
27"
Celio,Stranger Things Cotton T-shirt,Rs. 799,"4.6
|
19"
Bewakoof,Men Typography Printed T-shirt,Rs. 399,"4.5
|
587"
Van Heusen Sport,Men Solid Polo Collar T-shirt,Rs. 670,"4.2
|
67"
Instafab Plus,Men Plus Size Cotton T-shirt,Rs. 739,"4
|
26"
Status Quo,Polo Collar T-shirt,Rs. 399,"4.3
|
1.2k"
glitchez,Embossed Oversized T-shirt,Rs. 384,"4.3
|
106"
Allen Solly,Men Striped Cotton T-shirt,Rs. 719,"4.4
|
11"
The Indian Garage Co,Men Printed Oversized T-shirt,Rs. 659,"4.5
|
286"
Sztori,Men Polo Collar T-shirt,Rs. 815,"4.3
|
540"
Bewakoof,Men Printed T-shirt,Rs. 599,"4.4
|
216"
glitchez,Textured Polo T-shirt,Rs. 461,"3.6
|
546"
Fame Forever by Lifestyle,Pure Cotton T-shirt,Rs. 559,"4.6
|
136"
Maniac,Men Polo Collar Slim Fit T-shirt,Rs. 949,"4.3
|
536"
Aeropostale,Printed Pure Cotton T-shirt,Rs. 399,"4.1
|
38"
KAIDO,Men Oversized Cotton T-shirt,Rs. 354,"4.2
|
174"
HERE&NOW,Pure Cotton Oversized T-shirt,Rs. 519,"4.1
|
168"
Arrow,Men Solid Polo Collar Pure Cotton T-shirt,Rs. 959,"4.3
|
303"
Levis,Round Neck Pure Cotton T-Shirt,Rs. 727,"4.4
|
23"
Powerlook,Printed Henley Collar T-shirt,Rs. 759,"4.2
|
69"
Technosport,Slim Fit Sports T-shirt,Rs. 379,"4.4
|
2.1k"
Flying Machine,Pure Cotton T-shirt,Rs. 546,
Puma,Pure Cotton Printed T-shirt,Rs. 701,"4.4
|
617"
Mobox,Men Colourblocked Polo Collar T-shirt,Rs. 349,
Bushirt,Pure Cotton T-shirt,Rs. 359,"4.4
|
93"
HERE&NOW,Pure Cotton Polo T-shirt,Rs. 799,"3.8
|
167"
Campus Sutra,Men Solid Cotton T-shirt,Rs. 713,"4.3
|
379"
INVICTUS,Striped Polo Collar Pure Cotton T-shirt,Rs. 479,"4.1
|
917"
Hardsoda by The Indian Garage Co,Men Printed T-shirt,Rs. 479,"4.4
|
13"
Technosport,Anti Odour Slim Fit T-shirt,Rs. 399,"4.4
|
818"
Allen Solly,Cotton Slim Fit T-shirt,Rs. 965,"4.4
|
24"
Indian Terrain,Striped Pure Cotton T-shirt,Rs. 1899,"3.8
|
12"
ether,Graphic Printed T-shirt,Rs. 349,"4.4
|
7"
Roadster,Men Solid Polo Collar T-shirt,Rs. 349,"4.2
|
6.9k"
Roadster,Men Mandarin Collar T-shirt,Rs. 1499,"4.3
|
39"
Nautica,Polo Collar T-Shirt,Rs. 965,"4.4
|
531"
Try This,Men Colourblocked Polo Collar T-shirt,Rs. 369,
Pepe Jeans,Round Neck T-shirt,Rs. 549,"4.1
|
775"
Powerlook,Printed Henley Neck T-shirt,Rs. 619,"4.2
|
166"
Bewakoof,Solid Round Neck Pure Cotton T-shirt,Rs. 599,"4.1
|
6.7k"
DADA IMPEX,Men BLENDED Tshirts,Rs. 319,
Allen Solly,Embroidered Relaxed Fit Tshirt,Rs. 1055,"4.1
|
16"
H&M,Regular Fit Round-Neck T-shirt,Rs. 399,"4.1
|
756"
Sztori,Striped Polo Collar T-shirt,Rs. 888,"4.3
|
1.4k"
Moda Rapido,Men Solid Polo Collar T-shirt,Rs. 352,"3.4
|
1.2k"
Roadster,Men Polo Collar Applique T-shirt,Rs. 548,"4.2
|
5.9k"
Urbano Fashion,Men Camouflage Printed Slim Fit T-shirt,Rs. 549,"4.2
|
978"
Force,Men Brand Logo Colourblocked Polo Collar Applique T-shirt,Rs. 490,"3.3
|
52"
Roadster,Men Printed Polo Collar T-shirt,Rs. 399,"4.2
|
564"
Levis,Pure Cotton Oversized T-shirt,Rs. 1007,"4.4
|
11"
Mr Bowerbird,Pure Cotton Polo T-shirt,Rs. 449,"4
|
179"
Allen Solly,Embroidered Cotton T-shirt,Rs. 1055,"3.8
|
10"
Ducati,Pure Cotton Printed T-shirt,Rs. 662,"4.4
|
44"
Technosport,Men Colourblocked Antimicrobial Polo Collar Slim Fit T-shirt,Rs. 404,
H&M,Slim Fit Round-necked T-shirt,Rs. 699,"4.4
|
320"
Van Heusen Innerwear,Crew Neck Lounge T-Shirt,Rs. 510,"4.2
|
125"
U.S. Polo Assn.,Men Athleisure Lounge Tshirt,Rs. 550,"4.2
|
346"
Allen Solly,Colourblocked Polo T-shirt,Rs. 909,"4.6
|
291"
Maniac,Men Solid Cotton T-shirt,Rs. 792,"4.3
|
113"
playR,Official CSK Fan Jersey,Rs. 435,"4.4
|
823"
XYXX,Antimicrobial CottonT-Shirt,Rs. 599,"4
|
4.5k"
Puma,House of Graphics Men Tee,Rs. 719,"4.3
|
602"
Moda Rapido,Men Solid Cotton T-shirt,Rs. 449,"3.9
|
46"
WROGN,Colourblocked Hooded T-shirt,Rs. 1039,"3.6
|
8"
Bewakoof,Pure Cotton Round Neck Pure Cotton T-shirt,Rs. 399,"4.3
|
13.2k"
max,Striped Pure Cotton T-shirt,Rs. 559,"4.4
|
7"
Organic Chics,Men Printed Anti Odour T-shirt,Rs. 499,"4.4
|
766"
Moda Rapido,Polo Collar T-shirt,Rs. 310,"4
|
34"
Maniac,Striped Slim Fit T-shirt,Rs. 594,"4.1
|
2k"
Bewakoof Plus,Plus Size Pure Cotton T-shirt,Rs. 599,"4.6
|
32"
Indian Terrain,Polo Collar Casual T-shirt,Rs. 798,
BULLMER,Printed Cotton T-shirt,Rs. 398,"3.8
|
508"
Campus Sutra,Colourblocked Polo Collar T-shirt,Rs. 461,"4
|
1.5k"
SPYKAR,Printed Slim Fit T-shirt,Rs. 671,"4.2
|
122"
CULT,Athlete's Performance T-shirt,Rs. 639,"4.3
|
318"
HERE&NOW,Men Striped Oversized T-shirt,Rs. 629,"2.9
|
40"
DILLINGER,Men Solid Cotton T-shirt,Rs. 592,"4.4
|
78"
Levis,Pure Cotton Printed T-shirt,Rs. 794,"4.4
|
578"
JAMES&GEORGE,Men High Neck 1 T-shirt,Rs. 368,
BDSQUARE,Men Printed Cotton T-shirt,Rs. 399,"4.2
|
588"
Crazymonk,Printed Oversized T-shirt,Rs. 499,"4.1
|
138"
Sztori,Plus Size Regular Fit T-shirt,Rs. 299,
max,Men Pack Of 2 Solid T-shirt,Rs. 449,"4.1
|
326"
glitchez,Printed Oversized Fit T-shirt,Rs. 319,"3.9
|
129"
PRONK,Printed Cotton T-shirt,Rs. 556,"4.3
|
785"
Campus Sutra,Men Polo Collar Pockets T-shirt,Rs. 628,"4.7
|
34"
WROGN,Printed Cotton T-shirt,Rs. 499,"4.4
|
37"
NOBERO,Printed Cotton T-shirt,Rs. 499,"4.3
|
404"
Force,Men Printed Polo Collar T-shirt,Rs. 368,
Technosport,Anti Static Polo Collar Tshirt,Rs. 575,
NOBERO,Cotton Oversized T-shirt,Rs. 499,"4.4
|
6.8k"
Dollar,Polo Collar Cotton T-shirt,Rs. 449,"4
|
368"
HIGHLANDER,Men Hooded Slim Fit T-shirt,Rs. 356,"4.1
|
324"
SWADESI STUFF,Striped Full Sleeve T-shirt,Rs. 448,"4
|
5"
HIGHLANDER,Structured Polo Collar T-shirt,Rs. 669,"4
|
329"
BENNY BROOKS,Men Printed T-shirt,Rs. 322,"2.9
|
18"
Technosport,Men Anti Static Polo Collar Slim Fit T-shirt,Rs. 512,"4.8
|
35"
Roadster,Men Striped Round Neck Cotton T-shirt,Rs. 479,"4
|
2.5k"
Cantabil,Men Solid Slim Fit T-shirt,Rs. 519,"4.3
|
775"
Roadster,Typography Polo Collar T-shirt,Rs. 590,"4
|
2.1k"
WROGN,Self Design Oversized T-shirt,Rs. 549,"3.9
|
14"
BDSQUARE,Men Printed Raw Edge T-shirt,Rs. 399,"4.2
|
57"
WROGN,Pure Cotton Casual T-shirt,Rs. 685,"4.3
|
100"
CULT,Do It All Performance T-shirt,Rs. 559,"4.4
|
412"
Maniac,Men Printed T-shirt,Rs. 593,
Crazymonk,Colourblocked Cotton T-shirt,Rs. 499,"4.4
|
5"
Roadster,Pure Cotton Polo Pure Cotton T-shirt,Rs. 878,"4.3
|
1k"
Maniac,Men Slim Fit T-shirt,Rs. 939,"4.3
|
532"
Sztori,Men Bio Finish T-shirt,Rs. 740,"4.5
|
260"
Moda Rapido,Men Polo Collar T-shirt,Rs. 373,
KAJARU,Polo Collar T-shirt,Rs. 298,"4
|
3.2k"
Crazymonk,Men Printed T-shirt,Rs. 499,"4.2
|
259"
DILLINGER,Men Striped Cotton T-shirt,Rs. 639,"4.3
|
612"
glitchez,Washed Oversized T-shirt,Rs. 303,"3.8
|
597"
TheBTclub,Men Oversized T-Shirt,Rs. 499,"3.9
|
45"
DADA IMPEX,Men Henley Neck T-shirt,Rs. 319,
Roadster,Cotton Polo Collar T-shirt,Rs. 399,"4.1
|
368"
Puma,Printed Cotton T-Shirt,Rs. 629,"4.3
|
91"
Maniac,Men Round Neck T-shirt,Rs. 599,"4.3
|
383"
Maniac,Men Printed Cotton T-shirt,Rs. 599,"4
|
33"
Kook N Keech Marvel,Pure Cotton Oversized T-shirt,Rs. 539,"4.2
|
859"
DILLINGER,Colourblocked Tshirt,Rs. 672,"4
|
48"
U.S. Polo Assn.,Brand Logo Lounge T-shirt,Rs. 683,"4.3
|
1.5k"
KAJARU,Polo Collar T-Shirt,Rs. 299,"4
|
3.2k"
Indian Terrain,Polo Collar T-shirt,Rs. 657,"4.3
|
20"
Lux Cozi,Pack Of 2 Lounge T-Shirts,Rs. 754,"4.4
|
10"
BDSQUARE,Men Printed T-shirt,Rs. 399,"4.1
|
247"
French Connection,Pure Cotton Striped T-shirt,Rs. 499,"4
|
28"
Bewakoof,Men Printed Cotton T-shirt,Rs. 799,"4.3
|
656"
CULT,Men Plus Size Solid T-shirt,Rs. 659,"4.5
|
30"
NOBERO,Men Solid Cotton Polo T-shirt,Rs. 799,"4.1
|
1.5k"
Decathlon,Pure Cotton Gym T-shirt,Rs. 649,"4
|
250"
glitchez,Men Polo Collar T-shirt,Rs. 392,"3.8
|
77"
dostitch,Men Brand Logo Printed V-Neck T-shirt,Rs. 499,
Kryptic,High Neck Pure Cotton T-shirt,Rs. 424,"4.1
|
389"
PRONK,Oversized Cotton T-shirt,Rs. 556,"4.4
|
284"
French Connection,Self Striped Cotton T-shirt,Rs. 549,
Nautica,Men Polo Collar T-shirt,Rs. 1007,"4.8
|
10"
MARVEL STREET,Printed Oversized T-shirt,Rs. 519,"4.2
|
6"
max,Men Striped Cotton T-shirt,Rs. 489,"4.5
|
80"
Bushirt,Men Printed T-shirt,Rs. 499,
DAMENSCH,Round Neck T-Shirt,Rs. 479,"4.4
|
3k"
Pepe Jeans,Brand Logo Slim Fit T-shirt,Rs. 584,"4.3
|
79"
Technosport,Printed UPF50 Slim Fit T-shirt,Rs. 359,"4.4
|
814"
Van Heusen Innerwear,Men Solid T-shirt,Rs. 557,"4.4
|
1.1k"
Genzy,Turtle Neck Slim Fit T-shirt,Rs. 399,"3.8
|
31"
Mast & Harbour,Men Striped Polo Collar T-shirt,Rs. 562,"4.3
|
72"
Technosport,Men Printed Sports T-shirt,Rs. 413,"4.3
|
454"
United Colors of Benetton,Regular Fit T-shirt,Rs. 844,"4.5
|
61"
Allen Solly,Solid Polo Collar T-shirt,Rs. 712,"4.5
|
71"
U.S. Polo Assn.,Men Lightweight Lounge T-shirt,Rs. 587,"4.2
|
13k"
Allen Solly,Oversized Cotton T-shirt,Rs. 769,
Fame Forever by Lifestyle,Men Solid T-shirt,Rs. 399,"4.3
|
105"
bigbanana,Plus Size Cotton Polo T-shirt,Rs. 781,"4.6
|
64"
Roadster,Time Travlr Cotton T-shirt,Rs. 399,"4.1
|
28.5k"
Bonkers Corner,Cotton Oversized T-shirt,Rs. 906,"4.5
|
187"
Crazymonk,Oversized Cotton T-shirt,Rs. 499,"3.9
|
65"
THE BEAR HOUSE,Men V-Neck Pockets T-shirt,Rs. 584,"4.2
|
3.6k"
Powerlook,Men Printed Cotton T-shirt,Rs. 505,"4.1
|
40"
WROGN,Oversized Pure Cotton T-Shirt,Rs. 811,"4.2
|
13"
HERE&NOW,Printed Cotton Polo T-shirt,Rs. 349,"4.2
|
36"
Roadster,Striped Oversized T-shirt,Rs. 404,"4.3
|
211"
Mast & Harbour,Men Printed T-shirt,Rs. 368,"4.5
|
6"
Flying Machine,Men Solid Cotton Polo T-shirt,Rs. 815,"4.2
|
52"
Campus Sutra,Men Regular Fit Solid T-shirt,Rs. 404,"4.1
|
14"
Allen Solly,Printed Cotton Relaxed T-shirt,Rs. 1055,
Roadster,Round Neck T-Shirts,Rs. 367,
DILLINGER,Polo Collar Cotton T-shirt,Rs. 592,"4.2
|
31"
United Colors of Benetton,Printed Monochrome T-shirt,Rs. 899,"4.4
|
34"
Crazymonk,Men Printed Pockets T-shirt,Rs. 499,"4
|
44"
glitchez,Marvel Print Oversize T-shirt,Rs. 362,"4.2
|
67"
Allen Solly,Solid Polo Collar Pink T-shirt,Rs. 714,"4.4
|
404"
WROGN,Men T-shirt,Rs. 899,"4.3
|
9"
ether,Men moisture-wicking Polo,Rs. 516,"4.3
|
16.7k"
glitchez,Relaxed Flap Pocketed T-shirt,Rs. 319,"4.1
|
31"
GLITO X,Men Turtle Neck T-shirt,Rs. 479,"3.1
|
33"
Technosport,Men Colourblocked UPF50 Tshirt,Rs. 305,"4.5
|
307"
Being Human,Men Graphic Cotton T-shirt,Rs. 454,"4.2
|
127"
Reebok,V-Neck Lounge T-shirt,Rs. 649,"4.5
|
13"
Kryptic,Men Solid Pure Cotton T-shirt,Rs. 424,"4.1
|
358"
WILD ELEPHANT,Men Striped Polo Collar T-shirt,Rs. 316,
Allen Solly,Henley Neck T-shirt,Rs. 965,"4.5
|
154"
glitchez,Cropped Relaxed Fit T-shirt,Rs. 319,"4.2
|
119"
WROGN,Mens Cotton T-shirts,Rs. 674,"4.4
|
8"
KAIDO,Men T-shirt,Rs. 343,"2.5
|
6"
Powerlook,Men Typography Printed T-shirt,Rs. 1039,"4.5
|
29"
Roadster,Plus Size Polo Collar T-shirt,Rs. 735,"4
|
227"
Levis,Printed Pure Cotton T-Shirt,Rs. 519,"4.9
|
16"
U.S. Polo Assn.,Printed Lounge T-shirts,Rs. 550,"4.1
|
109"
BDSQUARE,Oversized Tshirt,Rs. 399,
Technosport,Round Neck Slim Fit T-shirt,Rs. 381,"4.3
|
707"
NOBERO,Oversized Cotton T-shirt,Rs. 499,"4.2
|
3.8k"
Bewakoof Plus,Plus Size Cotton T-shirt,Rs. 799,"4.2
|
12"
Cantabil,Men Solid Cotton Polo T-shirt,Rs. 519,"4.3
|
762"
INVICTUS,Pure Cotton T-shirt,Rs. 630,
CULT,Men Basketball Graphic T-shirt,Rs. 459,"4.4
|
18"
Fashion2wear,Men Green Tshirts,Rs. 499,"3.9
|
73"
Roadster,Cotton T-shirt,Rs. 399,"4.2
|
124.2k"
MaverIQ,Men Graphic Printed T-shirt,Rs. 312,"3.9
|
40"
Leotude,Men Pack Of 2 Cotton T-shirts,Rs. 549,"4
|
68"
Mast & Harbour,Men Polo Collar T-shirt,Rs. 562,"4.2
|
550"
Maniac,Men Typography Printed T-shirt,Rs. 400,"4.1
|
428"
KAIDO,Drop-Shoulder Cotton T-shirt,Rs. 354,"4.1
|
1.8k"
Free Authority,Men Printed T-shirt,Rs. 549,"4.9
|
21"
Kook N Keech,Typography Printed T-shirt,Rs. 454,"3
|
15"
The Korhean Store,Unisex Printed T-shirt,Rs. 529,
Kook N Keech Harry Potter,Men Printed T-shirt,Rs. 458,"4.1
|
417"
Roadster,Striped Polo Collar Tshirt,Rs. 499,"4.5
|
11"
HRX by Hrithik Roshan,Men Brand Logo High Neck T-shirt,Rs. 559,
DENNISON,Oversized Knitted T-Shirt,Rs. 869,"4
|
25"
ADIDAS,Pizza Trim Pure Cotton T-shirt,Rs. 1019,"4.8
|
48"
HIGHLANDER,Printed Oversized T-shirt,Rs. 509,"4.2
|
97"
MADSTO,Oversized Cotton T-Shirt,Rs. 727,"5
|
6"
Technosport,Men Brand Logo T-shirt,Rs. 463,"4.8
|
19"
Kook N Keech,Round Neck T-shirt,Rs. 324,
Peter England Casuals,Polo Collar Knitted T-Shirt,Rs. 589,"4.3
|
92"
max,Monochrome T-shirt,Rs. 349,"4.2
|
182"
max,Men Solid Cotton T-shirt,Rs. 399,"4.2
|
255"
Technosport,UPF50 MATPIQ Slim Fit Tshirt,Rs. 431,"4.3
|
426"
HIGHLANDER,Unisex Oversized Tshirt,Rs. 509,"4.1
|
39"
LEWEL,Men Polo Collar T-shirt,Rs. 413,"4.3
|
6"
CULT,Men Typography Printed Bio Finish Applique T-shirt,Rs. 559,"4.5
|
11"
Indian Terrain,Men Striped Cotton T-shirt,Rs. 939,
PRONK,Tie and Dye Cotton T-shirt,Rs. 616,"4.2
|
64"
DAMENSCH,Round Neck Pocket TShirt,Rs. 647,"4.3
|
549"
FUAARK,Moisture Wicking T-shirt,Rs. 494,"4.3
|
187"
Roadster,Printed Pure Cotton T-Shirt,Rs. 499,"4.2
|
339"
Maniac,Polo Neck Half Sleeve Tshirt,Rs. 702,"4.3
|
31"
MaverIQ,Printed Cotton T-shirt,Rs. 312,"3
|
7"
GAP,Printed Pure Cotton T-shirt,Rs. 749,
H&M,Regular Fit T-shirt,Rs. 399,"3.3
|
7"
WHITE HUSK,Men Printed Cotton T-shirt,Rs. 978,
FanCode Shop,Men Printed Polo Cricket IPL Jersey,Rs. 849,"4.6
|
49"
French Connection,Self Design Polo T-shirt,Rs. 599,
HRX by Hrithik Roshan,Men Brand Logo Colourblocked Polo Collar T-shirt,Rs. 600,
United Colors of Benetton,Round Neck T-shirt,Rs. 649,"4
|
6"
HRX by Hrithik Roshan,Solid Round Neck Pure Cotton T-shirt,Rs. 360,"3.9
|
1.3k"
Free Authority,Men Oversized Cotton T-shirt,Rs. 629,"4.7
|
18"
KAJARU,Men Striped Polo Collar T-shirt,Rs. 349,"4.6
|
14"
The Souled Store,Printed Pure Cotton T-Shirt,Rs. 799,"4
|
57"
Rigo,Men Solid Polo Collar T-Shirt,Rs. 695,"4.2
|
1.9k"
CULT,Regular Fit Casual T-shirt,Rs. 659,"4.5
|
923"
ADRO,Men White Tshirts,Rs. 594,"4.2
|
32"
MISCHIEF MONKEY,Men Raw Edge T-shirt,Rs. 499,"3.4
|
43"
Kappa,Men Brand Logo Printed T-shirt,Rs. 499,"4.3
|
656"
Maniac,Men Solid Slim Fit Tshirt,Rs. 699,"4.1
|
1.9k"
RAHI TRENDZ,Men's Wafflle wool tshirt,Rs. 358,"3.3
|
6"
VEIRDO,Men Printed Oversized T-shirt,Rs. 429,"4
|
920"
glitchez,Seersucker Super Loose T-shirt,Rs. 645,"3.7
|
174"
Technosport,Anti Static Slim Fit T-Shirt,Rs. 593,"4.3
|
31"
HRX by Hrithik Roshan,Men Rapid-Dry Running T-Shirt,Rs. 549,"4
|
445"
TOGS & TERRE,Oversized Cotton T-Shirt,Rs. 439,"4.1
|
1.1k"
Bewakoof,Cotton Oversized Fit T-shirt,Rs. 699,"4.4
|
3k"
VEIRDO,Men Printed Raw Edge T-shirt,Rs. 399,"4.3
|
1.3k"
Bene Kleed,Solid Oversized T-Shirt,Rs. 391,"4
|
359"
Red Tape,Men Colourblocked T-shirt,Rs. 781,"4.9
|
7"
H&M,Pure Cotton Loose Fit T-Shirt,Rs. 639,"4.3
|
468"
Cantabil,Polo Collar T-shirt,Rs. 519,"4.5
|
171"
DILLINGER,Pure Cotton Oversized T-shirt,Rs. 684,"3.9
|
96"
Dollar,Solid Polo Collar T-shirt,Rs. 495,"4.2
|
933"
SZN,Men Polo Collar Pockets T-shirt,Rs. 386,"3.8
|
47"
Status Quo,Men Printed Applique T-shirt,Rs. 649,"5
|
5"
KAJARU,High Neck Long SleevesT-shirt,Rs. 399,"3.6
|
311"
H&M,Sports Vest Top With Drymove,Rs. 799,"4.7
|
6"
WROGN,Men Printed T-shirt,Rs. 749,"3.5
|
6"
Moda Rapido,Polo Collar Cotton T-shirt,Rs. 689,"3.1
|
568"
BLIVE,Men Printed Hooded Pockets T-shirt,Rs. 341,
Powerlook,Men Solid Cotton T-shirt,Rs. 901,"4.2
|
215"
glitchez,Polo Textured Oversize T-shirt,Rs. 593,"4.3
|
194"
BDSQUARE,Men Printed Applique T-shirt,Rs. 399,"4.2
|
420"
CULT,Plus Size T-shirt,Rs. 799,"4.6
|
63"
HIGHLANDER,Cotton Oversized T-shirt,Rs. 728,"3.8
|
14"
PRONK,Men Dyed T-shirt,Rs. 616,"4.2
|
65"
Puma,Slim Fit Polo Training T-shirt,Rs. 794,"4.5
|
77"
THE BEAR HOUSE,Cotton Regular Fit T-shirt,Rs. 584,"4.2
|
3.6k"
Status Quo,Pure Cotton T-shirt,Rs. 539,"4
|
15"
TheBTclub,Printed Activchill T-shirt,Rs. 539,"4.2
|
15"
NOBERO,Men Oversized Cotton T Shirt,Rs. 499,"4.5
|
904"
Technosport,SS25 Antimicrobial T-Shirt,Rs. 494,"4.3
|
40"
The Souled Store,Oversized Cotton T-Shirt,Rs. 749,"4.4
|
7.2k"
Maniac,Printed Cotton T-Shirt,Rs. 499,"4.3
|
1.5k"
U.S. Polo Assn. Denim Co.,Solid Round Neck T-shirt,Rs. 740,"4.4
|
277"
FUAARK,Men Solid Slim Fit T-shirt,Rs. 744,"4.3
|
112"
New Theory,Men Sports Slim Fit T-shirt,Rs. 451,
Aeropostale,Striped Pure Cotton T-shirt,Rs. 449,"3.4
|
7"
WROGN,Textured Oversized T-shirt,Rs. 604,"4.4
|
34"
CULT,Men Printed Moisture Wicking Pockets T-shirt,Rs. 749,"4.5
|
58"
JUMP USA,High Neck T-shirt,Rs. 705,"4.2
|
297"
Being Human,Men Printed Slim Fit T-shirt,Rs. 628,
CULT,Men Solid Oversized T-shirt,Rs. 549,"4.5
|
255"
Arrow,Striped Polo Collar T-shirt,Rs. 639,"4.3
|
1.3k"
FCUK,Self Design Oversized T-shirt,Rs. 607,"4.1
|
2k"
StyleCast x Revolte,Men Hooded Raw Edge T-shirt,Rs. 699,
Urbano Fashion,Slim Fit Pure Cotton T-shirt,Rs. 549,"4
|
11k"
CULT,Men Moisture Wicking T-shirt,Rs. 769,"4.6
|
85"
JUMPCUTS,Men Typography Printed Henley Neck T-shirt,Rs. 480,"4
|
47"
Dollar,Polo Collar Pockets T-shirt,Rs. 449,"4
|
369"
Technosport,Men Polo Neck T-shirt,Rs. 575,
Kook N Keech Harry Potter,Printed T-shirt,Rs. 458,"4.1
|
414"
Kryptic,Checked Polo Cotton T-shirt,Rs. 412,"4.1
|
6.8k"
Bewakoof,Print Cotton Oversized T-shirt,Rs. 699,"4.2
|
1.7k"
HRX by Hrithik Roshan,Polo Collar T-shirt,Rs. 566,"4.1
|
9.5k"
glitchez,Raw Edge Self-Design T-shirt,Rs. 467,"3.7
|
230"
DAMN GUD DG,Men Colourblocked T-shirt,Rs. 419,
Lee,Printed Cotton T-shirt,Rs. 599,"4.2
|
90"
WROGN,Men Printed Round Neck T-shirt,Rs. 734,"4.3
|
13"
HAPPY KHAJANA,Men Self Design T-shirt,Rs. 349,"4
|
127"
NOBERO,Printed Oversized T-shirt,Rs. 499,"4.2
|
686"
Red Tape,Men Striped Polo T-shirt,Rs. 974,
BYFORD by Pantaloons,Polo Collar Slim Fit T-shirt,Rs. 599,"4.2
|
106"
max,Men Striped Round Neck T-shirt,Rs. 559,"4.6
|
14"
Nautica,Regular Fit Printed T-Shirt,Rs. 679,"4.5
|
105"
NBA,Brooklyn Nets T-shirt,Rs. 899,"4.7
|
15"
Nautica,Printed Polo Collar T-shirt,Rs. 1159,"4.4
|
91"
glitchez,Colourblock Relaxed T-shirt,Rs. 303,"4.1
|
82"
Flying Machine,Polo Pure Cotton T-shirt,Rs. 866,"3.4
|
15"
Flying Machine,Typography Printed T-shirt,Rs. 467,"4.3
|
26"
Van Heusen Innerwear,Anti Bacterial T-shirt,Rs. 719,"4.2
|
150"
The Souled Store,Pure Cotton Regular T-shirt,Rs. 699,"4.4
|
99"
The Souled Store,Printed Cotton T-shirt,Rs. 799,"4.7
|
362"
Red Tape,Men Printed T-shirt,Rs. 430,"4
|
49"
CULT,Pack of 2 Cotton T-shirts,Rs. 699,"4.5
|
60"
MARVEL STREET,Pure Cotton Relaxed T-shirt,Rs. 249,"4.3
|
124"
HIGHLANDER,Unisex Oversized T-Shirt,Rs. 469,"3.6
|
5"
Jockey,Cotton Regular Fit T-shirt,Rs. 579,"4.4
|
81"
FUAARK,Adults-Men Solid T-shirt,Rs. 797,"4.3
|
716"
Pepe Jeans,Striped Cotton T-shirt,Rs. 719,"4.1
|
23"
HRX by Hrithik Roshan,Men Applique T-shirt,Rs. 1299,"4.1
|
620"
SPYKAR,Polo Collar Cotton T-Shirt,Rs. 881,"4.2
|
189"
U.S. Polo Assn.,Solid V-Neck T-shirt,Rs. 552,"4.1
|
432"
MARVEL STREET,Printed Polo Collar T-shirt,Rs. 449,
TOGS & TERRE,Oversized Cotton T-shirt,Rs. 439,"4.2
|
1.5k"
French Connection,Bio Finish Cotton Polo T-shirt,Rs. 943,"4.4
|
85"
Sztori,Plus Size Cotton Cotton T-shirt,Rs. 1899,"4.2
|
1.3k"
Technosport,Polo Neck T-shirt with Cotflex,Rs. 575,
HIGHLANDER,Hooded Oversized T-shirt,Rs. 543,"4
|
594"
CAPTCHA,Men T-shirt,Rs. 593,"4.3
|
21"
Bewakoof,Oversized Cotton T-shirt,Rs. 799,"4.4
|
3.5k"
max,Men Printed Cotton T-shirt,Rs. 489,
CAPTCHA,Men Oversized Printed T-Shirt,Rs. 593,"4.3
|
30"
Maniac,Men T-shirt,Rs. 592,
max,Solid Polo Collar T-shirt,Rs. 399,"4.4
|
6k"
Genzy,Striped Slim Fit T-shirt,Rs. 398,"2.6
|
8"
Mufti,Printed Slim Fit T-shirt,Rs. 554,"3.9
|
32"
Sztori,Men Colourblocked Polo Collar T-shirt,Rs. 853,"4.2
|
1.1k"
MORSE CODE,Men Printed T-shirt,Rs. 311,"4.3
|
403"
glitchez,Boxy Typography Tee,Rs. 319,"3.9
|
166"
Kappa,Men Polo Collar Tshirt,Rs. 679,"4.5
|
3.1k"
Fame Forever by Lifestyle,Printed Cotton T-shirt,Rs. 399,
Peter England,Men Polo Collar T-shirt,Rs. 589,"4.5
|
175"
The Indian Garage Co,PoloCollar Regular Fit T-shirt,Rs. 647,"4.4
|
425"
glitchez,Self Design Relaxed T-shirt,Rs. 447,"4.1
|
56"
Bewakoof,Men Faded Oversize Cotton T-shirt,Rs. 799,"4
|
331"
HIGHLANDER,Men Hooded T-shirt,Rs. 246,"4.3
|
3.1k"
Park Avenue,Textured Henley Neck T-shirt,Rs. 561,"3.9
|
14"
H&M,Slim Fit Polo Tshirt,Rs. 799,"4.3
|
4.8k"
Technosport,Anti Odour Training T-shirt,Rs. 341,"4.4
|
2.1k"
HRX by Hrithik Roshan,Lifestyle Oversized T-shirt,Rs. 454,"3.9
|
159"
Aeropostale,Graphic Pure Cotton T-shirt,Rs. 299,"4.7
|
19"
Jockey,Men Black Pure Cotton T-shirt,Rs. 579,"4.5
|
5.8k"
Roadster,Solid T-shirt,Rs. 691,"4.1
|
155"
SZN,T-Shirt For Men,Rs. 454,
Bewakoof,Off White Oversized T-shirt,Rs. 599,"4.2
|
131"
Roadster,Solid Polyester T-Shirt,Rs. 390,"4
|
9.1k"
DILLINGER,Men Solid Oversized T-shirt,Rs. 561,"4.2
|
119"
Technosport,Men Typography Anti Static T-shirt,Rs. 467,"4.4
|
12"
HRX by Hrithik Roshan,Oversized Lifestyle T-shirt,Rs. 494,"4.4
|
40"
playR,PBKS Fan Dri-FIT T-shirt,Rs. 395,"4.3
|
421"
Maniac,Men Colourblocked Polo Collar T-shirt,Rs. 799,"4.2
|
90"
Roadster,Textured Relaxed T-shirt,Rs. 489,"4.2
|
51"
Campus Sutra,Men Solid T-shirt,Rs. 479,"4
|
206"
MADSTO,Henley Neck T-shirt,Rs. 595,"4
|
278"
WROGN,Striped Slim Fit Cotton T-shirt,Rs. 879,"4.3
|
518"
TRAQUILA,Men Polo Collar T-shirt,Rs. 347,"3.9
|
247"
H&M,Loose Fit T-Shirt,Rs. 799,"4.6
|
9"
JUMPCUTS,Typography Printed T-shirt,Rs. 476,"3.9
|
49"
Technosport,Men Printed Slim Fit T-shirt,Rs. 413,"4.3
|
452"
Mast & Harbour,Men Pure Cotton T-shirt,Rs. 422,"4.1
|
754"
Technosport,Colourblocked UPF50 Tshirt,Rs. 305,"4.5
|
308"
CLAFOUTIS,Men Self Design T-shirt,Rs. 398,"3.3
|
40"
BULLMER,Men Striped T-shirt,Rs. 718,"3.8
|
42"
Roadster,Pack of 2 Pure Cotton T-shirts,Rs. 639,"4
|
2.5k"
RAHI TRENDZ,Men's Casual Tshirt,Rs. 358,
Kook N Keech,Striped Polo Collar T-shirt,Rs. 329,"4.4
|
18"
Maniac,Men Henley Neck T-shirt,Rs. 749,"4.5
|
29"
HERE&NOW,Printed Cotton Relaxed T-shirt,Rs. 662,"4.3
|
87"
Jockey,Cotton Rich Full Sleeve Tshirt,Rs. 779,"4.4
|
3.6k"
Moda Rapido,Men Printed V-Neck Applique T-shirt,Rs. 433,"3.1
|
29"
Roadster,Relaxed Fit Striped T-shirt,Rs. 404,"4.3
|
242"
Kook N Keech Marvel,Men Printed T-shirt,Rs. 454,"4.1
|
11"
Mast & Harbour,Men Applique T-shirt,Rs. 815,
Mast & Harbour,Striped V-Neck Pockets T-shirt,Rs. 986,
glitchez,Polo Collar Casual T-shirt,Rs. 441,"4.1
|
154"
LEWEL,Men Typography Printed Hooded T-shirt,Rs. 385,
XYRIS,Men Brand Logo Polo Collar T-shirt,Rs. 497,
Bewakoof,Men Oversize Cotton T-shirt,Rs. 599,"4.3
|
627"
Red Tape,Men Typography Printed Polo Collar T-shirt,Rs. 909,"4.4
|
10"
UNIBERRY,Men Polo Collar Pockets T-shirt,Rs. 422,"4.3
|
39"
Converse,Unisex Cons T-Shirt,Rs. 999,
Roadster,Oversized T-shirt,Rs. 485,"4.2
|
5"
Maniac,Men Typography Colourblocked T-shirt,Rs. 591,
Kook N Keech,Men Printed Oversized Tshirt,Rs. 999,
Decathlon,Tennis T-shirt Dry 100,Rs. 609,"4.1
|
615"
ADRO,Oversized Pure Cotton T-shirt,Rs. 769,"4.1
|
683"
ADRO,Cotton Tshirts,Rs. 748,"4
|
116"
SZN,Men Brand Logo Polo Collar T-shirt,Rs. 317,
Rigo,Regular Fit Polo T-shirt,Rs. 573,"4
|
199"
The Indian Garage Co,Round Neck Regular T-shirt,Rs. 376,"4.3
|
1.4k"
Allen Solly,Floral Embroidered T-shirt,Rs. 1055,
Roadster,High-Low Cotton T-shirt,Rs. 485,"4.2
|
4.7k"
French Connection,Brand Logo Printed T-shirt,Rs. 349,"4.7
|
18"
The Souled Store,Men Slim Fit Pure Cotton T-shirt,Rs. 799,"4.5
|
747"
Mufti,Pure Cotton Slim Fit T-shirt,Rs. 628,"4.1
|
63"
Arrow,Men Compact Cotton Pure Cotton T-shirt,Rs. 884,"4.3
|
1.6k"
ether,Striped Polo Collar Cotton T-shirt,Rs. 424,"3.9
|
2.3k"
BULLMER,Oversized Cotton T-shirt,Rs. 398,"3.7
|
648"
HRX by Hrithik Roshan,Training Tank T-shirt,Rs. 332,"4.3
|
349"
Jack & Jones,Polo Collar Cotton T-Shirt,Rs. 779,"4.3
|
5k"
Sztori,Men Striped Cotton T-shirt,Rs. 683,"4
|
413"
Pepe Jeans,Typography Slim Fit T-shirt,Rs. 674,"4.1
|
55"
Allen Solly,Solid Round Neck T-shirt,Rs. 803,"4.5
|
176"
GENZILOOKS,Men Brand Logo Polo Collar 1 T-shirt,Rs. 538,
HIGHLANDER,Men Polo Regular Fit T-Shirt,Rs. 404,"4.1
|
4.6k"
HERE&NOW,Men Henley Neck T-shirt,Rs. 421,
Campus Sutra,Solid Polo T-shirt,Rs. 461,"4.1
|
29"
Allen Solly,Men Solid Polo Collar T-Shirt,Rs. 769,
WROGN,Pure Cotton Regular T-shirt,Rs. 399,
LAUREN ADAMS,Men Graphic Round Neck T-shirt,Rs. 498,"4
|
29"
HRX by Hrithik Roshan,Men Solid Polo Collar T-shirt,Rs. 499,
glitchez,Oversized Typography T-shirt,Rs. 384,"4.1
|
257"
Genzy,Cotton Regular Fit T-shirt,Rs. 415,
KAJARU,Polo Collar Casual T-Shirt,Rs. 399,"3.8
|
119"
glitchez,Back Printed T-shirt,Rs. 319,"4.3
|
264"
Technosport,Men Typography Antimicrobial T-shirt,Rs. 422,
ADIDAS,PENNANT Pure Cotton T-shirt,Rs. 974,"4.2
|
29"
SPYKAR,Men Typography Raw Edge Slim Fit T-shirt,Rs. 713,"4.2
|
27"
H&M,Slim Fit T-shirt,Rs. 699,
WROGN,Pack of 2 Cotton T-shirts,Rs. 699,"4.1
|
965"
HIGHLANDER,Men Self Design T-shirt,Rs. 363,"4
|
289"
glitchez,Graphic Printed T-shirt,Rs. 287,"4.4
|
132"
PRONK,Men Cotton Tshirts,Rs. 556,"4
|
9"
R.Code by The Roadster Life Co.,Round Neck Regular Fit T-shirt,Rs. 435,"3.5
|
17"
Sztori,Plus Size Solid Polo Collar T-shirt,Rs. 853,"4.2
|
1.3k"
HRX by Hrithik Roshan,Men Brand Logo Colourblocked T-shirt,Rs. 1459,
JUMPCUTS,Men Self Design Cotton T-shirt,Rs. 356,"3.2
|
17"
Pepe Jeans,Men Printed Cotton T-shirt,Rs. 769,"4.4
|
43"
Pepe Jeans,Regular Fit Sports T-shirt,Rs. 549,"4.1
|
772"
Allen Solly,Men Polo Collar Applique T-shirt,Rs. 714,"4.3
|
23"
Powerlook,Men T-shirt,Rs. 593,"4.4
|
117"
Sztori,Plus Size Solid Polo Collar Cotton T-shirt,Rs. 1799,"4.2
|
858"
Jack & Jones,Pure Cotton Slim Fit T-shirt,Rs. 629,"4.2
|
779"
Van Heusen Sport,Men Brand Logo Printed T-shirt,Rs. 779,"4.3
|
49"
HERE&NOW,Men Polo Collar T-shirt,Rs. 421,"3.6
|
107"
WROGN,Men Striped Slim Fit T-shirt,Rs. 879,"4.1
|
137"
Campus Sutra,Polo Collar T-shirt,Rs. 458,"4
|
18"
FCUK,Self-Design Relaxed T-shirt,Rs. 607,"4.2
|
44"
TRIUS,Men Printed Polo T-shirt,Rs. 365,
Being Human,Men Brand Logo Cotton T-shirt,Rs. 467,"4.4
|
92"
Allen Solly,Men Typography Printed Slim Fit T-shirt,Rs. 584,
Allen Solly,Men Raw Edge Slim Fit T-shirt,Rs. 599,
Bushirt,Men Solid T-shirt,Rs. 404,"4.2
|
1.2k"
Allen Solly,Men Solid Cotton T-shirt,Rs. 599,"3.9
|
16"
AMERICAN EAGLE OUTFITTERS,Typography Cotton T-shirt,Rs. 657,"3.9
|
29"
Jockey,Men V-Neck Pockets T-shirt,Rs. 579,"4.5
|
152"
glitchez,Typography Rizz T-Shirt,Rs. 319,"4.1
|
109"
Jack & Jones,Men Solid Oversized T-shirt,Rs. 779,"4.2
|
5k"
Being Human,Men Polo Collar Pockets T-shirt,Rs. 539,"4.3
|
52"
HRX by Hrithik Roshan,Men Colourblocked Polo Collar T-shirt,Rs. 563,"4.2
|
678"
Campus Sutra,Tie and Dye T-shirt,Rs. 458,
U.S. Polo Assn.,Lounge T-shirt,Rs. 531,"4.2
|
3.7k"
TRIPR,Men Typography Printed Polo Collar T-shirt,Rs. 448,"2.4
|
7"
GLITO,Men Solid Slim Fit T-shirt,Rs. 499,"3.9
|
39"
Arrow Sport,Regular Fit Polo T-Shirt,Rs. 884,"4.5
|
14"
Jack & Jones,Cotton Slim Fit T-shirt,Rs. 659,"4.2
|
282"
VEIRDO,Men Printed T-shirt,Rs. 699,"3.9
|
372"
United Colors of Benetton,V-Neck Regular Fit T-shirt,Rs. 679,"3.9
|
26"
DADA IMPEX,Men T-shirt,Rs. 319,"2.6
|
5"
Jockey,Solid Round Neck T-shirt,Rs. 799,"4.4
|
1.6k"
glitchez,Oversized Printed T-shirt,Rs. 351,"4.4
|
25"
Organic Chics,Brown Relaxed T-shirt,Rs. 499,"3.9
|
146"
Roadster,Men Polo Collar Tshirts,Rs. 499,
glitchez,Galactic Numerics Tee,Rs. 303,"3.7
|
217"
WROGN,Cotton Comfort Ombre T-shirt,Rs. 599,"4.2
|
17"
H&M,Slim Fit Polo Shirt,Rs. 799,"4.3
|
4.8k"
Bene Kleed,Cotton Relaxed Fit T-shirt,Rs. 599,"4.3
|
12"
Bershka,Boxy Short Sleeve Tshirt,Rs. 750,
Decathlon,Unisex Tshirts,Rs. 629,"4.4
|
32"
HRX by Hrithik Roshan,Men Typography Printed T-shirt,Rs. 499,"4
|
574"
The Souled Store,Oversized T-Shirt,Rs. 749,"4.3
|
528"
WROGN,Oversized Printed T-shirt,Rs. 566,"4
|
154"
Thomas Scott,Men Self Design T-shirt,Rs. 969,"4.1
|
175"
Bewakoof Plus,Men Iron Man Printed Applique T-shirt,Rs. 799,"4.3
|
183"
Davno,Mens Polo Tshirt,Rs. 369,
Aeropostale,Men V-Neck Solid T-shirt,Rs. 534,"4.1
|
11"
Friskers,Pure Cotton V-Neck Pure Cotton T-shirt,Rs. 607,"4
|
160"
EPPE,Men Dry Fit Slim Fit T-shirt,Rs. 395,"4.4
|
490"
Triptee,Plus Size Regular Fit T-shirt,Rs. 309,"4
|
5"
WROGN,Men Solid Cotton T-shirt,Rs. 1299,
Leotude,Men Typography Printed T-shirt,Rs. 349,"4.4
|
11"
HRX by Hrithik Roshan,Men Solid Polo T-shirt,Rs. 698,"4
|
236"
Jack & Jones,Men T-shirt,Rs. 549,
Roadster,High Neck T-Shirt,Rs. 557,
H&M,Loose Fit T-shirt,Rs. 639,"4.1
|
54"
United Colors of Benetton,Polo Collar Cotton T-shirt,Rs. 999,"4.4
|
74"
WROGN,Brand Logo Oversized T-shirt,Rs. 529,"4.2
|
296"
max,Striped Polo Collar T-shirt,Rs. 599,"4.5
|
3.9k"
Roadster,Printed Relaxed Fit T-shirt,Rs. 313,"4.1
|
147"
max,Men Polo Collar Pockets T-shirt,Rs. 559,"4.2
|
48"
Triptee,Men Plus Size Cotton T-shirt,Rs. 343,"4.3
|
83"
Park Avenue,Floral Print Polo T-shirt,Rs. 751,"4.1
|
48"
JAMES&GEORGE,Men Polo Collar 1 T-shirt,Rs. 368,
Peter England,Printed Polo Collar T-shirt,Rs. 769,
Bene Kleed,Men Raw Edge T-shirt,Rs. 410,"4.1
|
358"
TheBTclub,Men Printed Activchill T-shirt,Rs. 499,"4.4
|
26"
Crazymonk,Unisex Printed Cotton T-shirt,Rs. 499,"4.4
|
116"
Puma,teamRISE Men Football Jersey,Rs. 674,"4.2
|
1.1k"
dostitch,Men Striped T-shirt,Rs. 499,"3.6
|
12"
Levis,Solid Slim Fit T-shirt,Rs. 1007,"4.6
|
24"
Converse,Unisex Star Chevron T-shirt,Rs. 999,"4.5
|
14"
Leotude,Oversized Printed T-Shirt,Rs. 379,"3.9
|
111"
Cantabil,Striped Cotton T-shirt,Rs. 679,"4.5
|
21"
Jack & Jones,Men Pockets T-shirt,Rs. 539,"4.4
|
21"
NOBERO,Pure Cotton Oversized T-shirt,Rs. 499,"4.2
|
541"
Arrow Sport,Colourblocked Polo T-shirt,Rs. 639,"5
|
6"
OUTLAWS,Men Polo Collar T-shirt,Rs. 309,"4.2
|
53"
THE BEAR HOUSE,Men Solid T-shirt,Rs. 584,"4.2
|
3.6k"
Bewakoof,Men Looney Tunes Printed T-shirt,Rs. 599,"4.5
|
134"
Maniac,Cotton Polo Collar T-shirt,Rs. 489,"4.5
|
6"
Being Human,Cotton Printed T-shirt,Rs. 467,"4.2
|
157"
HERE&NOW,Striped Regular-Fit T-shirt,Rs. 430,"4.3
|
33"
playR,CSK Lion Tee,Rs. 437,
The Indian Garage Co,Men Polo Collar Applique T-shirt,Rs. 478,"4.2
|
1.1k"
Moda Rapido,Men High Neck Slim Fit T-shirt,Rs. 358,"2.5
|
18"
Mufti,Men Printed Cotton T-shirt,Rs. 601,"5
|
13"
inner element,Men Solid Cotton T-shirt,Rs. 496,"3.9
|
71"
The Indian Garage Co,Long Sleeves Cotton T-shirt,Rs. 449,"4.2
|
563"
BULLMER,Polo Collar T-shirt,Rs. 649,"2.4
|
10"
JUMPCUTS,Men Printed Slim fit Tshirt,Rs. 430,
Nautica,High IQ Printed T-shirt,Rs. 683,"4.5
|
470"
WROGN,Men Cotton T-shirt,Rs. 753,"4.1
|
172"
Technosport,Rapid-Dry Slim Fit T-shirt,Rs. 323,"4.2
|
396"
HERE&NOW,Typography Round Neck T-shirt,Rs. 734,
SPYKAR,Cotton Slim Fit T-shirt,Rs. 610,"4.2
|
74"
PRONK,Men White Tshirts,Rs. 659,"4.4
|
376"
WROGN,Solid Polo Collar T-shirt,Rs. 699,"4.1
|
4.9k"
Roadster,Printed Cotton T shirt,Rs. 571,"4.2
|
815"
Roadster,Men Colourblocked Polo Collar T-shirt,Rs. 559,"4.2
|
604"
Roadster,Self Design Polo Collar Cotton T-shirt,Rs. 536,"4.1
|
13.7k"
Maniac,Men Dyed Cotton T-shirt,Rs. 749,"4.1
|
170"
Kappa,Men Solid Round Neck T-shirt,Rs. 584,"4.8
|
5"
HIGHLANDER,Men Printed Round Neck T-shirt,Rs. 559,"4
|
64"
CULT,Men Plus Size Cotton T-shirt,Rs. 819,"4.5
|
19"
United Colors of Benetton,Men Solid T-Shirt,Rs. 779,"4.4
|
31"
Powerlook,Men Henley Neck T-shirt,Rs. 945,"3.8
|
12"
Lux Cozi,2-Pcs Printed Lounge T-Shirts,Rs. 473,"4.4
|
103"
Flying Machine,Men Printed T-shirt,Rs. 672,"4.5
|
35"
Bewakoof,Round Neck Cotton T-shirt,Rs. 399,"4.3
|
13.2k"
glitchez,Colourblocked T-shirt,Rs. 413,"4.3
|
19"
XYXX,Polo Collar Cotton T-Shirt,Rs. 599,"4
|
4.6k"
U.S. Polo Assn.,Cotton Polo Collar T-shirt,Rs. 675,"4.4
|
106"
HERE&NOW,Relaxed Striped T-shirt,Rs. 599,"3.8
|
71"
United Colors of Benetton,Graphic Print Boxy T-shirt,Rs. 749,"4.8
|
18"
Park Avenue,Printed Slim Fit Polo T-shirt,Rs. 638,"4.3
|
118"
WROGN,Pure Cotton Slim Fit T-Shirt,Rs. 779,
U.S. Polo Assn.,Men Lounge T-shirt,Rs. 765,"4.3
|
265"
Mast & Harbour,Self-Design Relaxed T-shirt,Rs. 789,"4.4
|
63"
glitchez,Men Printed Polo T-shirt,Rs. 392,"3.8
|
74"
Indian Terrain,Polo Collar Cotton T-Shirt,Rs. 911,
NEXT,Pure Cotton Slim Fit T-shirt,Rs. 649,
HRX by Hrithik Roshan,Printed Rapid-Dry T-shirt,Rs. 407,"4.7
|
9"
HIGHLANDER,Oversized Sport Tshirt,Rs. 309,"3.8
|
465"
HRX by Hrithik Roshan,Solid Lifestyle T-shirt,Rs. 384,"4.3
|
34"
Jockey,Solid Round Neck Pure Cotton T-shirt,Rs. 579,"4.5
|
1.9k"
Reebok,Brand Carrier T-shirt,Rs. 755,"4.4
|
24"
glitchez,Men Organic Cotton Tshirts,Rs. 555,
max,Regular Fit Cotton T-shirt,Rs. 599,"4.3
|
265"
NEXT,Pure Cotton T-shirt,Rs. 649,
Snitch,Men Printed Cotton T-shirt,Rs. 431,"4.5
|
13"
max,Men Solid Polo Collar T-Shirt,Rs. 449,"4.3
|
651"
Maniac,Men Cotton Polo T-shirt,Rs. 699,"4.7
|
20"
VEIRDO,Men Polo Collar T-shirt,Rs. 479,"3.7
|
175"
Cantabil,Polo Collar Cotton T-shirt,Rs. 479,"4.3
|
1.5k"
SZN,Men High Neck Slim Fit T-shirt,Rs. 365,"3
|
39"
Aeropostale,Striped Relaxed T-shirt,Rs. 919,"4.4
|
7"
Bewakoof,Oversized Pure Cotton T-shirt,Rs. 799,"4.3
|
111"
WROGN,Printed Relaxed Fit T-shirt,Rs. 649,"4.1
|
7"
Crocodile,Men T-shirt,Rs. 649,"4
|
528"
Flying Machine,Men Typography Printed T-shirt,Rs. 672,"3.3
|
6"
Technosport,Brand Logo Slim Fit T-shirt,Rs. 364,"4.1
|
24"
KAIDO,Anime Printed Cotton T-shirt,Rs. 354,"4.1
|
1.8k"
Bewakoof,Men Oversized T-shirt,Rs. 599,"4.2
|
128"
KAIDO,Cotton Oversized T-shirt,Rs. 354,"4.1
|
1.8k"
Roadster,Printed Cotton Tshirts,Rs. 499,"4.2
|
334"
Red Tape,Solid Pure Cotton T-shirt,Rs. 412,"4.1
|
2.2k"
Decathlon,Men Solid Round Neck T-shirt,Rs. 529,"3.9
|
235"
Bewakoof AIR,Men Solid Cotton T-shirt,Rs. 349,"4.3
|
17"
Technosport,Men Solid Slim Fit T-shirt,Rs. 463,"4.9
|
22"
HRX by Hrithik Roshan,Men Striped Polo Collar T-shirt,Rs. 586,"3.8
|
551"
Bewakoof,Men Striped T-shirt,Rs. 699,"2.8
|
5"
Campus Sutra,Polo Collar Cotton T-shirt,Rs. 713,"4.3
|
380"
Raves,Men Brand Logo Polo Collar T-shirt,Rs. 349,
TIGER SNAKE,Men Polo Collar T-shirt,Rs. 372,"4
|
123"
Snitch,Men Slim Fit T-shirt,Rs. 454,"4.3
|
46"
SPYKAR,Men Printed Cotton T-shirt,Rs. 769,"4.7
|
11"
PRONK,Men Typography Printed T-shirt,Rs. 556,"4.2
|
1k"
glitchez,Glitchez Mens Tshirts,Rs. 389,"4.1
|
51"
ARRAY,Men Solid Relaxed Fit T-shirt,Rs. 425,"4
|
1.2k"
glitchez,Relaxed Graphic T-shirt,Rs. 251,"4.1
|
82"
Jack & Jones,Printed Pure Cotton T-shirt,Rs. 719,"4.2
|
45"
PRONK,Adults-Men Black Tshirts,Rs. 556,"4.3
|
43"
FCUK,Brand Logo Tie-Dyed T-shirt,Rs. 791,"4.4
|
143"
XYXX,Slim Fit Cotton T-shirt,Rs. 799,"4.7
|
169"
ether,Classic Fit Cotton T-shirt,Rs. 349,"4.1
|
17"
Force,Men T-shirt,Rs. 460,"4.9
|
14"
Celio,Round Neck Pure Cotton T-shirt,Rs. 649,"4.3
|
22"
Park Avenue,Colourblocked Slim Fit T-shirt,Rs. 766,"4.4
|
561"
Converse,Unisex Pocket Patch T-shirt,Rs. 999,"4.7
|
7"
Classic Polo,Slim Fit Cotton T-shirt,Rs. 799,"4.2
|
71"
Technosport,Men Anti Static Slim Fit T-shirt,Rs. 287,"3.4
|
15"
Bewakoof,Naruto Printed Cotton T-shirt,Rs. 799,"4.5
|
1.1k"
bigbanana,Striped Polo Collar T-shirt,Rs. 713,"4.4
|
83"
Sztori,Men Striped Polo Collar T-shirt,Rs. 853,"4.3
|
86"
Van Heusen Innerwear,Printed Cotton T-shirt,Rs. 892,"4.3
|
184"
Indian Terrain,Men Solid Cotton T-shirt,Rs. 798,"4.2
|
5"
Flying Machine,Men Printed Polo Collar Applique T-shirt,Rs. 756,"4.6
|
12"
NBA,Men Classic Crest T-Shirt,Rs. 799,"4.4
|
91"
bigbanana,Men Typography Printed T-shirt,Rs. 789,
HIGHLANDER,Popcorn Structure T-shirt,Rs. 337,"4.2
|
2.5k"
Bewakoof,Men Oversized Dyed T-shirt,Rs. 699,"4
|
334"
Indian Terrain,Floral Printed T-shirt,Rs. 1050,
Mast & Harbour,Men Antimicrobial Polo Collar T-shirt,Rs. 449,"4.2
|
472"
HERE&NOW,Cotton Striped Polo T-shirt,Rs. 719,"4.3
|
329"
HRX by Hrithik Roshan,Ombre Dyed Yoga T-shirt,Rs. 454,"4.4
|
46"
Bewakoof,Men Batman Printed T-shirt,Rs. 579,"3.2
|
12"
STELLERS,Men Solid Polo T-shirt,Rs. 659,"4.2
|
455"
PRONK,Nirvana Printed Cotton T-shirt,Rs. 556,"4.4
|
1.9k"
Roadster,Printed Cotton Relaxed T-shirt,Rs. 404,"4.1
|
75"
HRX by Hrithik Roshan,Lifestyle Bio-Wash Pure Cotton T-shirt,Rs. 395,"4.2
|
91.7k"
SZN,Men High Neck T-shirt,Rs. 319,
Bewakoof,Graphic Printed T-shirt,Rs. 549,"4.9
|
13"
Park Avenue,Men Polo Slim Fit T-shirt,Rs. 559,"4.5
|
138"
HRX by Hrithik Roshan,Colourblocked T-shirt,Rs. 454,"4.5
|
52"
Red Tape,Men Printed Sports T-shirt,Rs. 650,"4.3
|
229"
Kook N Keech Marvel,Avengers Printed T-shirt,Rs. 454,"4.3
|
48"
Kook N Keech,Cotton Tshirts,Rs. 696,
Friskers,Round Neck Cotton T-shirt,Rs. 464,"4.2
|
560"
French Connection,Striped Pure Cotton T-shirt,Rs. 449,"4
|
8"
THE BEAR HOUSE,Oversized Cotton T-shirt,Rs. 1199,"4.4
|
183"
Maniac,Men Plus Size Cotton T-shirt,Rs. 746,"4.5
|
19"
BRUTE FORCE,Men Solid Compression T-shirt,Rs. 496,"4.3
|
6"
Moda Rapido,Pack of 2 Polo Cotton T-shirt,Rs. 737,
WROGN,Slim Fit Polo T-shirt,Rs. 499,"4.2
|
103"
MISCHIEF MONKEY,Pure Cotton T-shirt,Rs. 497,"4.1
|
9"
The Indian Garage Co,Oversized Round Neck T-shirt,Rs. 951,
United Colors of Benetton,Graphic Printed T-shirt,Rs. 844,
Jockey,Men T-shirt,Rs. 779,"4.4
|
3.6k"
Snitch,Men Solid Slim Fit T-shirt,Rs. 599,"4.5
|
724"
max,Printed Pure Cotton T-Shirt,Rs. 479,"4.5
|
13"
Park Avenue,V-Neck Pure Cotton T-shirt,Rs. 348,"4.5
|
12"
ADIDAS,Men T Round Neck T-Shirt,Rs. 719,"3.4
|
11"
UnderJeans by Spykar,Printed Cotton T-Shirt,Rs. 549,"4.4
|
14"
SPYKAR,Men Pockets Slim Fit T-shirt,Rs. 587,"4.6
|
33"
Puma,Pure Cotton T-shirt,Rs. 675,"4.1
|
114"
UNIBERRY,Men Striped Cotton T-shirt,Rs. 450,"4.4
|
640"
Jack & Jones,Round Neck T-shirt,Rs. 719,"4.3
|
13"
MuscleBlaze,Printed Compression T-shirt,Rs. 699,"4
|
64"
Park Avenue,Print Polo Collar Slim T-shirt,Rs. 638,"4.3
|
634"
Levis,Pure Cotton Loose Fit T-shirt,Rs. 1087,"4.3
|
58"
U.S. Polo Assn.,Pure Cotton Polo T-shirt,Rs. 1071,"4.4
|
20"
Technosport,Men Brand Logo Antimicrobial Slim Fit T-shirt,Rs. 381,"4.8
|
10"
United Colors of Benetton,Colourblocked T-shirt,Rs. 974,"4.3
|
51"
Celio,Men Polo Collar T-shirt,Rs. 674,"4.3
|
9"
SPYKAR,Printed Polo Collar T-shirt,Rs. 1080,"4.7
|
39"
Technosport,Slim Fit Polo Sports T-shirt,Rs. 463,"4.8
|
14"
Instafab Plus,Round Neck Sports T-Shirt,Rs. 539,"3.6
|
7"
Maniac,Men Oversized T-shirt,Rs. 444,"4.3
|
1.8k"
Kook N Keech,Oversized Cotton T-shirt,Rs. 404,"4.4
|
92"
DILLINGER,Men Polo Collar T-shirt,Rs. 495,"4.2
|
731"
VASTRADO,Jacquard Cotton T-Shirt,Rs. 699,"4.3
|
41"
French Connection,Pure Cotton Knit T-shirt,Rs. 1119,"4.2
|
26"
NOBERO,Men Cotton Printed T-shirt,Rs. 499,"4.7
|
17"
Jack & Jones,Men Solid Slim Fit T-shirt,Rs. 935,"4.3
|
5k"
The Souled Store,Printed Polo Collar T-shirt,Rs. 799,"4.6
|
206"
dostitch,Men V-Neck T-shirt,Rs. 499,
Mufti,Floral Cotton Slim Fit T-shirt,Rs. 554,"4.2
|
54"
Nautica,Solid Polo Collar T-shirt,Rs. 1039,"4.5
|
381"
Bossini,Solid Polo Collar T-shirt,Rs. 629,"4.5
|
915"
U.S. Polo Assn.,Men Polo Slim Fit Pure Cotton T-shirt,Rs. 1071,"4.4
|
16"
Status Quo,Men Printed T-shirt,Rs. 599,"3.9
|
21"
Maniac,Textured Regular Fit Tee,Rs. 453,"4.3
|
3.5k"
CULT,Sports Spirit Graphic T-shirt,Rs. 489,"4.4
|
10"
StyleCast x Revolte,Men Self Design T-shirt,Rs. 804,"4.2
|
56"
U.S. Polo Assn.,Colourblocked Lounge T-shirt,Rs. 494,"4.3
|
1.9k"
Invincible,Compress Base Layer T-shirt,Rs. 599,"4.3
|
92"
glitchez,Relaxed Fit Ribbed Polo Tee,Rs. 739,"3.5
|
133"
V-Mart,Men Striped Polo Collar T-shirt,Rs. 439,
Snitch,Men Striped Round Neck T-shirt,Rs. 431,"4.3
|
18"
Jockey,Round Neck T-shirt,Rs. 699,"4.3
|
1.2k"
WROGN,Comfort Fit T-shirt,Rs. 449,"3.9
|
12"
7 Alt by Pantaloons,Oversized Pure Cotton T-shirt,Rs. 674,
StyleCast x Revolte,Men Solid Oversized T-shirt,Rs. 681,"2.4
|
5"
Jack & Jones,Printed Slim Fit T-shirt,Rs. 584,"4.2
|
777"
HRX by Hrithik Roshan,Ultralite Running T-shirt,Rs. 384,"4.3
|
19"
Cantabil,Cotton Polo Collar T-shirt,Rs. 479,"4.3
|
1.5k"
WROGN,Comfort Cotton T-shirt,Rs. 669,"3.9
|
74"
max,Men Striped 1 T-shirt,Rs. 699,"4.6
|
13"
Indian Terrain,Men Cotton Polo T-shirt,Rs. 657,"4.2
|
23"
Mast & Harbour,Men T-shirt,Rs. 498,"4.3
|
1.6k"
Streetsutra,Men Printed Cotton T-shirt,Rs. 410,"3.4
|
25"
glitchez,Typo Print Regular Fit T-shirt,Rs. 327,"4.3
|
266"
Urbano Fashion,Mandarin Collar Cotton Pure Cotton T-shirt,Rs. 549,"4
|
11k"
Moda Rapido,Men Printed Polo Collar T-shirt,Rs. 373,
Cantabil,Men T-shirt,Rs. 599,"4.4
|
142"
The Souled Store,Men Solid Cotton T-shirt,Rs. 799,"4.4
|
22"
The Souled Store,Cotton Oversized T-shirt,Rs. 699,"4.4
|
7.2k"
nostrum,Dri-FIT,Rs. 699,"3.9
|
103"
United Colors of Benetton,Colorblocked T-shirt,Rs. 844,"4.9
|
7"
CHKOKKO Plus,Men Dri-FIT Applique T-shirt,Rs. 499,"4.1
|
106"
glitchez,Contrast Sleeves T-shirt,Rs. 327,"3.4
|
41"
VEIRDO,Men Printed Cotton T-shirt,Rs. 379,
INVICTUS,Men Polo Collar T-shirt,Rs. 475,
Puma,Men Tshirts,Rs. 753,"3.8
|
636"
Blackberrys,Colourblocked Polo T-shirt,Rs. 1034,"3.8
|
23"
Roadster,Men Printed Cotton T-shirt,Rs. 367,"4.1
|
1.4k"
Arrow Sport,Pure Cotton Printed T-shirt,Rs. 499,"4.4
|
16"
HRX by Hrithik Roshan,Yoga Bio-Wash Pure Cotton T-shirt,Rs. 467,"4
|
2k"
Crazymonk,Graphic Printed Cotton T-shirt,Rs. 499,"5
|
5"
WROGN,Typography Printed T-shirt,Rs. 449,"4.4
|
75"
Aeropostale,Pure Cotton Printed T-shirt,Rs. 349,"4.6
|
5"
WROGN,Cotton Slim Fit T-shirt,Rs. 499,"4.3
|
146"
N AND J,Polo Collar Slim Fit T-shirt,Rs. 549,
ether,Men Tie and Dye T-shirt,Rs. 349,"4.1
|
21"
Pepe Jeans,Slim Fit Pure Cotton T-shirt,Rs. 519,"4.5
|
19"
Ducati,Graphic Printed T-shirt,Rs. 399,"3.9
|
9"
ARRAY,Polo Collar Cotton T-shirt,Rs. 583,"4
|
212"
WILD ELEPHANT,Pack Of 2 Cotton T-shirts,Rs. 355,"1.9
|
7"
Mast & Harbour,Floral Relaxed Fit T-shirt,Rs. 639,"4.2
|
104"
Puma,DC Printed Cricket Jersey,Rs. 689,"4.5
|
120"
Lee,Slim Fit Casual Cotton T-shirt,Rs. 599,"4.6
|
25"
Flying Machine,Men Solid Cotton T-shirt,Rs. 672,
MASTI TEES,Printed Cotton Lounge T-Shirt,Rs. 399,
Campus Sutra,Men Polo Collar T-shirt,Rs. 628,
FCUK,Oversized Pure Cotton T-shirt,Rs. 857,
Genzy,Men Printed T-shirt,Rs. 499,"1.7
|
11"
NOBERO,Typography Printed T-shirt,Rs. 499,"4.2
|
431"
WROGN,Polo Collar Oversized T-shirt,Rs. 699,
HIGHLANDER,Printed Cotton Regular T-shirt,Rs. 467,"4.4
|
84"
WROGN,Cotton Printed T-shirt,Rs. 799,"3.7
|
11"
PRONK,Men Printed Applique T-shirt,Rs. 556,"4.3
|
167"
Snitch,Men Printed Slim Fit T-shirt,Rs. 419,"4.5
|
8"
Roadster,Men Printed Round Neck Tshirts,Rs. 599,
STYLE ACCORD,Men Cotton Tshirts,Rs. 571,
Cantabil,Typography Printed T-shirt,Rs. 329,"4.4
|
270"
Bewakoof Heavy Duty,Oversized Cotton T-shirt,Rs. 699,"4.3
|
240"
LUX NITRO,Anti Odour Polo Collar T-shirt,Rs. 301,"4.1
|
2.5k"
WROGN,Slim Fit Cotton T-Shirt,Rs. 659,
Park Avenue,Solid Polo Collar Slim T-shirt,Rs. 654,"4.4
|
223"
VEIRDO,Men Plus Size Cotton T-shirt,Rs. 499,"4.4
|
240"
HRX by Hrithik Roshan,Training T-shirt,Rs. 559,"4.2
|
69"
WROGN,Cotton Comfort T-shirt,Rs. 647,"4.4
|
21"
dostitch,Men Colourblocked T-shirt,Rs. 499,
PULP,Unisex Typography Printed T-shirt,Rs. 314,"4.2
|
5"
VEIRDO,Plus Size Oversized T-shirt,Rs. 599,"4.5
|
499"
R.Code by The Roadster Life Co.,Graphic Printed T-shirt,Rs. 311,"4.6
|
14"
Metronaut,Men Solid Cotton T-shirt,Rs. 484,"4.5
|
23"
MACK JONNEY,Men Cotton Tshirts,Rs. 694,
Blackberrys,Pure Cotton T-Shirt,Rs. 959,"4.2
|
245"
SPYKAR,Men Polo Collar Cotton T-shirt,Rs. 719,"4.2
|
53"
BLIVE,Men Printed Hooded T-shirt,Rs. 650,
ether,Men Polo Collar T-shirt,Rs. 601,"4
|
52"
Bewakoof Heavy Duty,Cotton Oversized T-shirt,Rs. 699,"4.3
|
243"
FUAARK,Men Solid Slim Fit Tshirt,Rs. 567,"4.4
|
750"
Powerlook,SS25 Printed T-Shirt,Rs. 359,"4.7
|
9"
Mast & Harbour,Bio Finish Oversized T-shirt,Rs. 449,"4.1
|
9"
Roadster,Textured Henley Neck T-shirt,Rs. 458,"4.2
|
18.1k"
LUX NITRO,Pack Of 2 Lounge T-shirts,Rs. 319,"4.4
|
23"
French Connection,Polo Collar T-shirt,Rs. 1187,"4.1
|
35"
United Colors of Benetton,Men Printed Cotton T-shirt,Rs. 599,"4.7
|
6"
Status Quo,Printed Casual T-shirt,Rs. 629,"3.8
|
5"
dostitch,Brand Logo T-shirt,Rs. 488,
GIORDANO,Men Printed Cotton T-shirt,Rs. 599,"4.7
|
9"
Instafab Plus,Men Relaxed Fit Solid T-Shirt,Rs. 439,"4.1
|
25"
WROGN,Polo Pure Cotton T-shirt,Rs. 649,"4.7
|
11"
HRX by Hrithik Roshan,Rapi-dry Printed Gym T-shirt,Rs. 384,"4.1
|
171"
FCUK,Brand Logo Pure Cotton T-shirt,Rs. 719,"4.2
|
67"
Rigo,Self Design Cotton T-shirt,Rs. 459,"4.2
|
1.1k"
Bewakoof,Men Typography T-shirt,Rs. 499,"4.4
|
339"
Monte Carlo,Men Striped T-shirt,Rs. 747,"4.5
|
10"
Van Heusen Innerwear,Printed Slim Fit T-shirt,Rs. 679,"4.3
|
194"
Jockey,Self-Striped T-shirt,Rs. 399,"4.5
|
5.2k"
WROGN,Men Slim Fit Polo T-shirt,Rs. 809,"4.1
|
28"
Moda Rapido,Self Design T-shirt,Rs. 433,"3.5
|
31"
HIGHLANDER,Men Typography Printed T-shirt,Rs. 433,"4.1
|
116"
Roadster,Textured Patch Pocket T-shirt,Rs. 449,"4.3
|
471"
glitchez,Men Printed T-shirt,Rs. 329,
COMBRAIDED,Men Brand Logo Colourblocked Polo Collar T-shirt,Rs. 699,
NOBERO,Printed Pure Cotton T-Shirt,Rs. 499,"4.1
|
203"
Flying Machine,Men Pure Cotton T-shirt,Rs. 559,"4.3
|
215"
HIGHLANDER,Cotton Relaxed Fit T-shirt,Rs. 495,"4
|
269"
TheBTclub,Cotton Oversized T-shirt,Rs. 499,"4
|
62"
INDICLUB,Polo Collar T-Shirt,Rs. 297,"3.6
|
25"
Sztori,Plus Size T-shirt,Rs. 349,"4.9
|
8"
bigbanana,Plus Size Pure Cotton T-shirt,Rs. 560,
Raymond,Printed Cotton T-shirt,Rs. 845,"4.5
|
93"
CULT,Men Training T-shirt,Rs. 799,"4.7
|
55"
Mr Bowerbird,Men Tailored Fit PlanB T-shirt,Rs. 598,"4.3
|
111"
DAMENSCH,Cotton Contrast Sticth T-Shirt,Rs. 702,"4.4
|
1.1k"
glitchez,Relaxed Fit Polo Collar Tshirt,Rs. 351,"3.5
|
25"
Bewakoof Plus,Pure Cotton Plus Size T-shirt,Rs. 489,"4.7
|
10"
ANGERHOOD,Oversized Cotton T-shirt,Rs. 498,"4
|
23"
VEIRDO,Men Dyed Cotton T-shirt,Rs. 399,"4.3
|
51"
LAUREN ADAMS,Striped Pure Cotton T-shirt,Rs. 498,"4.3
|
7"
Campus Sutra,Polo Collar Sports T-shirt,Rs. 619,"4.4
|
39"
ODCC,Cotton Regular Fit T-shirt,Rs. 699,
Indian Terrain,Men Printed Cotton T-shirt,Rs. 591,"4.2
|
19"
Aeropostale,Printed Pure Cotton Tshirt,Rs. 299,"4.2
|
55"
glitchez,Colourblocked Printed T-shirt,Rs. 511,"3.5
|
191"
HERE&NOW,Printed Pure Cotton T-shirt,Rs. 519,"4.1
|
79"
BDSQUARE,Printed Pure Cotton T-shirt,Rs. 399,
Kappa,Cotton Regular Fit T-shirt,Rs. 559,
The Souled Store,Men Printed Round Neck T-Shirt,Rs. 749,"4.2
|
162"
VEIRDO,Men Polo Collar Zipper T-shirt,Rs. 599,"3.4
|
19"
max,Striped Pure Cotton T-Shirt,Rs. 559,"4.6
|
12"
Decathlon,Men TTS100 Tennis T-shirt,Rs. 499,"4.1
|
553"
FCUK,Men Colourblocked T-shirt,Rs. 755,"4.4
|
18"
Campus Sutra,Men Printed T-shirt,Rs. 404,"4
|
83"
United Colors of Benetton,Solid Round Neck T-shirt,Rs. 649,"4.2
|
45"
FLYIND VOGUE OUTFIT,Men Oversized Cotton T-shirt,Rs. 1999,
Van Heusen Innerwear,Men Solid Quick Dry Gym Vest,Rs. 359,"4.5
|
206"
THE BEETEL HOUSE,Pack Of 2 Casual T-shirt,Rs. 499,"3.7
|
17"
Fashion2wear,Men Blue Tshirts,Rs. 499,"3.9
|
70"
U.S. Polo Assn.,Men Typography Printed Slim Fit T-shirt,Rs. 550,"4.1
|
207"
THE BEETEL HOUSE,Regular Fit Cotton T-shirt,Rs. 337,
EAZY,Men Solid Round Neck T-shirt,Rs. 495,"4.1
|
32"
Stormborn,Men Printed T-shirt,Rs. 447,"4.3
|
1.5k"
INVICTUS,Men Polo Collar Pure Cotton T-shirt,Rs. 499,"3.9
|
2.5k"
UNIBERRY,Men Striped Polo Collar T-shirt,Rs. 450,"4.4
|
626"
FUAARK,Pure Cotton Oversized T-shirt,Rs. 588,
Friskers,Pack Of 2 Slim Fit T-shirt,Rs. 827,"4.2
|
60"
Being Human,Pure Cotton Slim Fit T-shirt,Rs. 479,"4.4
|
73"
HRX by Hrithik Roshan,Men's Training T-Shirt,Rs. 324,"4.9
|
14"
glitchez,Doctor Sleeves T-shirt,Rs. 384,"4.4
|
22"
Stitchmeashirt,Men Printed Activchill T-shirt,Rs. 491,
SG,Polo Collar T-shirt,Rs. 1409,"4.8
|
12"
PRONK,Men Oversized T-shirt,Rs. 616,"4.2
|
64"
NOBERO,Men Cotton Oversized T-shirt,Rs. 499,
Mast & Harbour,Men Printed Bio Finish T-shirt,Rs. 419,"4.5
|
10"
Being Human,Men Brand Logo Printed Slim Fit T-shirt,Rs. 554,"4.7
|
23"
Mufti,Printed Cotton T-shirt,Rs. 601,"4.3
|
11"
Crazymonk,Men Pockets T-shirt,Rs. 497,"4
|
13"
Shiv Naresh,Men Polo Collar T-shirt,Rs. 475,"4.8
|
30"
KAJARU,Striped Polo Collar T-shirt,Rs. 399,"3.6
|
317"
Bewakoof,Solid Round Neck T-shirt,Rs. 499,"4.3
|
13.2k"
MISCHIEF MONKEY,Typography Printed T-shirt,Rs. 499,"4.7
|
13"
Ducati,Cotton Relaxed Pocket T-shirt,Rs. 349,"4.5
|
26"
SPYKAR,Slim Fit Cotton T-shirt,Rs. 674,"4.4
|
19"
Mobox,Men Striped Polo Collar Pockets T-shirt,Rs. 349,
Bewakoof,Oversized Acid Wash T-shirt,Rs. 799,"4
|
332"
glitchez,Relaxed Sleeveless T-shirt,Rs. 417,"4.1
|
22"
HERE&NOW,Pure Cotton Casual T-shirt,Rs. 449,"3.6
|
25"
REDESIGN,Sleeveless Dry-Fit T-shirt,Rs. 773,"4.2
|
40"
GET GOLF,Men Printed Cotton T-shirt,Rs. 335,"4.1
|
17"
U.S. Polo Assn.,Men Striped Slim Fit T-shirt,Rs. 584,
WROGN,Printed Slim Fit T-shirt,Rs. 489,"4.2
|
7.1k"
Campus Sutra,Solid Mandarin Collar T-shirt,Rs. 623,"4.3
|
2.4k"
Technosport,Men Printed Anti Static Slim Fit T-shirt,Rs. 431,"4.6
|
29"
Sztori,Men Bio Finish Polo Collar T-shirt,Rs. 888,"4.5
|
260"
NOBERO,Men Graphic Printed T-shirt,Rs. 499,"4.4
|
735"
Pepe Jeans,Brand Logo Cotton T-shirt,Rs. 479,
Status Quo,Printed Regular T-shirt,Rs. 539,"4.6
|
10"
VEIRDO,Men Star Wars Printed T-shirt,Rs. 449,"4.1
|
42"
WROGN,Round Neck Slim Fit T-shirt,Rs. 535,"4.2
|
292"
SANDPIPER,Polo Collar Cotton T-Shirt,Rs. 419,
SZN,Relaxed Fit Tie-Dye T-shirt,Rs. 380,"3.9
|
14"
Bewakoof,Printed Oversized T-Shirt,Rs. 649,"4.4
|
4.5k"
Lux Cozi,Polo Collar Lounge T-shirts,Rs. 351,"4.1
|
148"
HRX by Hrithik Roshan,Men Self Design Cotton T-shirt,Rs. 499,
glitchez,Terry Oversized Tshirt,Rs. 539,"4
|
54"
The Indian Garage Co,Men Printed Cotton T-shirt,Rs. 755,
Aeropostale,Printed Relaxed Fit T-Shirt,Rs. 299,"4.2
|
38"
glitchez,Graphic Regular T-shirt,Rs. 287,"4.3
|
203"
TOGS & TERRE,Men Printed Cotton T-shirt,Rs. 439,
MISCHIEF MONKEY,Pure Cotton Slim Fit T-shirt,Rs. 499,"4.2
|
5"
glitchez,Printed Pure Cotton T-shirt,Rs. 321,"4.2
|
159"
Roadster,Printed Pure Cotton T-shirt,Rs. 559,"3.8
|
52"
KAIDO,Men Batman Printed T-shirt,Rs. 354,"4.3
|
8"
Kalt,Men Colourblocked Polo Collar T-shirt,Rs. 499,"4.5
|
70"
HRX by Hrithik Roshan,Printed T-shirt,Rs. 395,"4.2
|
91.7k"
WILD ELEPHANT,Striped Polo Collar T-shirt,Rs. 316,"3.6
|
501"
NOBERO,Men Solid Cotton T-shirt,Rs. 799,"4.1
|
1.5k"
Metronaut,Printed Cotton T-shirt,Rs. 444,"4.4
|
15"
Technosport,Men Typography Printed Anti Static T-shirt,Rs. 467,"4.5
|
13"
V-Mart,Men Printed T-shirt,Rs. 359,
max,Round Neck Pure Cotton T-shirt,Rs. 399,"4.2
|
84"
String Scape,Eyelet Waffle T-shirt,Rs. 798,
BRATMA,Men T-shirt,Rs. 344,
LUX NITRO,Pack Of 2 Lounge T-Shirt,Rs. 319,"3.9
|
32"
FTX,Pack of 4 Round Neck T-shirts,Rs. 499,"4.1
|
20"
dostitch,Men Printed Dri-FIT T-shirt,Rs. 499,
MORSE CODE,Men Printed Cotton T-shirt,Rs. 311,"4.3
|
10"
Free Authority,Men Printed Cotton T-shirt,Rs. 524,"4.7
|
16"
WROGN,Slim Fit Solid Cotton T-shirt,Rs. 734,"4.1
|
908"
PRONK,Cotton Oversized T-Shirt,Rs. 659,"4.4
|
19"
VEIRDO,Men Solid Oversized T-shirt,Rs. 479,"4.4
|
596"
HAPPY KHAJANA,Self Design Zipper T-shirt,Rs. 349,"3.1
|
10"
Indian Terrain,Tropical Print Cotton T-shirt,Rs. 443,"4.4
|
31"
Blisstone,Men Hooded Slim Fit T-shirt,Rs. 476,
Van Heusen Innerwear,Men Pure Cotton Lounge Tshirt,Rs. 413,"4.2
|
45"
Being Human,Men Printed Pockets T-shirt,Rs. 479,"4.3
|
54"
HRX by Hrithik Roshan,Men Brand Logo Printed T-shirt,Rs. 480,"4
|
78"
HRX by Hrithik Roshan,Men Graphic Printed T-shirt,Rs. 899,"4.2
|
585"
The Souled Store,Printed Pure Cotton T-shirt,Rs. 649,"4.4
|
331"
Campus Sutra,Men Oversized Cotton T-shirt,Rs. 458,"4
|
113"
V-Mart,Men Polo Collar Slim Fit T-shirt,Rs. 307,
BUYTHATTRENDZ,Printed Oversized T-shirt,Rs. 399,
HASTEN,Men Typography Printed T-shirt,Rs. 398,
Mufti,Floral Printed T-shirt,Rs. 657,"4.2
|
48"
Club York,Typography Printed T-shirt,Rs. 536,
BLIVE,Men Colourblocked Hooded T-shirt,Rs. 352,
Club York,Men Plus Size Printed T-shirt,Rs. 473,"3.9
|
16"
glitchez,Striped Polo Collar T-shirt,Rs. 479,"4.4
|
68"
INVICTUS,Pure Cotton Printed T-shirt,Rs. 447,"3.6
|
45"
WROGN,Cotton Dyed Oversized T-shirt,Rs. 699,
Mobox,Men Polo Collar T-shirt,Rs. 349,
U.S. Polo Assn.,Lounge T-Shirt,Rs. 574,"4.3
|
4k"
The Souled Store,Pure Cotton T-Shirt,Rs. 749,"4.5
|
24"
Powerlook,Men Printed Casual T-shirt,Rs. 479,"4.3
|
79"
WROGN,Relaxed Pure Cotton T-shirt,Rs. 869,"4.9
|
9"
max,Printed Casual T-shirt,Rs. 479,
glitchez,Floral Oversized T-shirt,Rs. 327,"4.3
|
115"
max,Pack Of 2 Polo Collar T-shirt,Rs. 599,"4.3
|
13"
SZN,Men T-shirt,Rs. 688,
CLAFOUTIS,Men Printed T-shirt,Rs. 486,"3.3
|
76"
VEIRDO,Printed Full Sleeve T-shirt,Rs. 399,"4.2
|
18"
Mast & Harbour,Self Design T-shirt,Rs. 498,"4.2
|
700"
SPORTO,Dri-FIT Round Neck T-shirt,Rs. 370,"4.3
|
9"
Cantabil,Men Pockets T-shirt,Rs. 299,"4.4
|
543"
SPYKAR,Slim Fit Casual T-Shirt,Rs. 719,"4.3
|
33"
Rigo,Printed Cotton T-shirt,Rs. 573,"3.7
|
204"
Roadster,Men Typography Printed Polo Collar T-shirt,Rs. 548,"4.1
|
605"
AUTNA,Men Striped Cotton T-Shirt,Rs. 399,
FASHIUM,Men Striped Polo Collar T-shirt,Rs. 399,
Moda Rapido,Mens Casual T-Shirt,Rs. 325,"4.2
|
40"
HARBOR N BAY,Striped Pocket T-shirt,Rs. 492,
Mufti,Men Printed Raw Edge Slim Fit T-shirt,Rs. 587,"4.1
|
25"
Being Human,Men Printed Cotton T-shirt,Rs. 409,"4.5
|
6"
PRONK,Cotton Oversized T-shirt,Rs. 556,"4.2
|
95"
Levis,Men Solid Cotton T-shirt,Rs. 519,"4
|
9"
KETCH,Men Biker Printed Raw Edge Slim Fit T-shirt,Rs. 519,"3.9
|
275"
Kappa,Cotton Relaxed Fit T-shirt,Rs. 584,"3.6
|
10"
Mast & Harbour,Bio Finish Pure Cotton T-shirt,Rs. 419,"3.9
|
98"
Snitch,Slim Fit Pure Cotton T-Shirt,Rs. 443,
MANGO MAN,V-Neck Pure Cotton T-shirt,Rs. 495,"4.5
|
94"
LAUREN ADAMS,Printed Pure Cotton T-shirt,Rs. 498,
Levis,Round Neck Pure Cotton T-shirt,Rs. 727,"4
|
9"
SANDPIPER,Polo Collar Cotton T-shirt,Rs. 447,"3.8
|
64"
NOBERO,Printed Pure Cotton T-shirt,Rs. 499,"4.4
|
10"
THE BEETEL HOUSE,Graphic Printed T-shirt,Rs. 411,
ADIDAS,Men Printed T-shirt,Rs. 1019,"4.1
|
81"
BDSQUARE,Men T-shirt,Rs. 399,"3.8
|
17"
Van Heusen Sport,Men Polo Collar T-shirt,Rs. 670,"3.9
|
37"
bigbanana,Men Anti Odour Polo Collar Applique T-shirt,Rs. 689,"4.5
|
22"
ALONE EAGLE,Men Turtle Neck Slim Fit T-shirt,Rs. 440,
Moda Rapido,Men Henley Neck T-shirt,Rs. 373,
Being Human,Pure Cotton Striped T-shirt,Rs. 683,"4.3
|
130"
TRIUS,Printed Polo Collar T-shirt,Rs. 365,
Campus Sutra,Men Striped Polo Collar Pockets T-shirt,Rs. 458,"4.3
|
105"
STELLERS,Men Printed Casual Tshirt,Rs. 497,"4.1
|
39"
Cantabil,Men Round Neck T-shirt,Rs. 879,"4.4
|
67"
Urbano Fashion,Men Pure Cotton T-shirt,Rs. 791,"4.1
|
98"
AUTNA,Men Printed Cotton T-shirt,Rs. 399,
FREECULTR,Men Lounge T-Shirts,Rs. 461,"3.8
|
105"
KETCH,Men Cotton Slim Fit T-shirt,Rs. 519,"4.3
|
304"
HERE&NOW,Open-Knits Cotton T-shirt,Rs. 549,"4.2
|
39"
BDSQUARE,Printed Round Neck T-shirt,Rs. 399,"4.1
|
37"
FTX,Men Pack of 4 Solid T-shirts,Rs. 469,"4.2
|
17"
CULT,Men's Black Training T-shirt,Rs. 459,"4.5
|
43"
WROGN,Relaxed Fit T-shirt,Rs. 849,
